-- phpMyAdmin SQL Dump
-- version 4.0.4
-- http://www.phpmyadmin.net
--
-- Host: localhost
-- Generation Time: Jul 21, 2017 at 03:00 PM
-- Server version: 5.6.24
-- PHP Version: 5.6.8

SET SQL_MODE = "NO_AUTO_VALUE_ON_ZERO";
SET time_zone = "+00:00";


/*!40101 SET @OLD_CHARACTER_SET_CLIENT=@@CHARACTER_SET_CLIENT */;
/*!40101 SET @OLD_CHARACTER_SET_RESULTS=@@CHARACTER_SET_RESULTS */;
/*!40101 SET @OLD_COLLATION_CONNECTION=@@COLLATION_CONNECTION */;
/*!40101 SET NAMES utf8 */;

--
-- Database: `brightok_tstv_dealers`
--
CREATE DATABASE IF NOT EXISTS `brightok_tstv_dealers` DEFAULT CHARACTER SET latin1 COLLATE latin1_swedish_ci;
USE `brightok_tstv_dealers`;

-- --------------------------------------------------------

--
-- Table structure for table `activitylogs`
--

CREATE TABLE IF NOT EXISTS `activitylogs` (
  `id` int(11) NOT NULL AUTO_INCREMENT,
  `admin_id` varchar(20) NOT NULL,
  `action` text NOT NULL,
  `thedate` datetime NOT NULL,
  PRIMARY KEY (`id`),
  KEY `userid` (`admin_id`,`thedate`)
) ENGINE=InnoDB  DEFAULT CHARSET=latin1 AUTO_INCREMENT=3359 ;

--
-- Dumping data for table `activitylogs`
--

INSERT INTO `activitylogs` (`id`, `admin_id`, `action`, `thedate`) VALUES
(1974, '2', 'Created new acount #1 (sdfasd fasdas)', '2015-05-22 17:46:18'),
(1975, '2', 'Uploaded document 1 (asdasd) to account #1', '2015-05-22 17:51:13'),
(1976, '2', 'Created new acount #2 (Akachikelu Ngozi)', '2015-05-22 18:40:43'),
(1977, '2', 'Uploaded document 2 (PHCN bill) to account #2', '2015-05-22 18:42:24'),
(1978, '2', 'Uploaded document 3 (National ID card) to account #2', '2015-05-22 18:42:44'),
(1979, '2', 'Created a new bank 1 (Zenith bank)', '2015-05-22 19:28:22'),
(1980, '2', 'Created a new bank 2 (GTB)', '2015-05-22 19:28:30'),
(1981, '2', 'Updated bank account details for #2 (1, 42424242, 342424242)', '2015-05-22 19:29:07'),
(1982, '', 'Created a new pricing 2 (dsdsd sd)', '2015-05-24 12:35:32'),
(1983, '', 'Created a new pricing 3 (Moto Cycles)', '2015-05-24 12:38:32'),
(1984, '', 'Created a new pricing 4 (Sport Utility Vehicles)', '2015-05-24 12:39:13'),
(1985, '', 'Created new policy #3 (ada sdas)', '2015-05-24 15:02:41'),
(1986, '', 'Created new policy #4 (Okona Bright)', '2015-05-24 15:26:13'),
(1987, '', 'Updated polidy holder #4 (Okona Bright)', '2015-05-24 15:35:00'),
(1988, '', 'Updated polidy holder #4 (Okona Bright)', '2015-05-24 15:35:44'),
(1990, '', 'Renewd policy #4 for 6 months (2016-05-24 - 2016-11-24)', '2015-05-24 23:02:11'),
(1991, '', 'Renewd policy #4 for 6 months (2016-11-24 - 2017-05-24)', '2015-05-25 06:38:59'),
(1992, '', 'Created new policy #5 (asda dasda)', '2015-05-25 06:56:10'),
(1993, '', 'Renewd policy #4 for 12 months (2017-05-24 - 2018-05-24)', '2015-05-25 07:28:23'),
(1994, '', 'Created new policy #6 (Okona Judith)', '2015-05-25 07:31:11'),
(1995, '2', 'Updated event 18 (I have just changed ths event 12345)', '2015-08-10 03:28:23'),
(1996, '2', 'Created a new event 19 (Bright Just ADED THIS ONE NOW)', '2015-08-10 03:34:08'),
(1997, '2', 'Created new admin #16 (asdasdasd sdfsd)', '2015-08-10 13:32:45'),
(1998, '2', 'Updated admin details #10 (xxxxxxx zzzzzzzzz)', '2015-08-10 13:53:47'),
(1999, '2', 'Created new admin group #2 (Professionals)', '2015-08-10 13:56:27'),
(2000, '2', 'Updated admin details #10 (xxxxxxx zzzzzzzzz)', '2015-08-10 13:56:48'),
(2001, '2', 'Created a new offence 7 (Expired Lincense (Trucks))', '2015-08-10 14:33:38'),
(2002, '2', 'Created new offender #7 (5)', '2015-08-10 16:26:23'),
(2003, '2', 'Created new offender #8 (6)', '2015-08-10 16:29:11'),
(2004, '2', 'Created new offender #9 (7)', '2015-08-10 16:31:00'),
(2005, '2', 'Created new offender #10 (5)', '2015-08-10 18:33:50'),
(2006, '2', 'leared offender #4 ()', '2015-08-10 19:43:47'),
(2007, '2', 'Created new admin #17 (Zoracom Zoracom)', '2015-08-10 20:13:10'),
(2008, '17', 'Created new policy #345 (gilead nwachukwu)', '2015-08-10 20:16:27'),
(2009, '17', 'Created new policy #346 (BRIGHT OKONA)', '2015-08-10 20:35:52'),
(2010, '17', 'Created a new pricing 6 (Motorcycle)', '2015-08-10 20:37:43'),
(2011, '17', 'Created new admin group #3 (IMO STATE)', '2015-08-11 10:04:14'),
(2012, '17', 'Created new admin #18 (Uwaezu Uzoamaka)', '2015-08-11 10:07:31'),
(2013, '17', 'Created new admin #19 (Iyiegbu Paul)', '2015-08-11 10:12:54'),
(2014, '17', 'Created new admin #20 (Harcourt Nneoma)', '2015-08-11 10:18:34'),
(2015, '17', 'Created new admin #21 (Nwachukwu Gerald)', '2015-08-11 10:21:17'),
(2016, '17', 'Created new admin #22 (Chukwu Young)', '2015-08-11 10:23:24'),
(2017, '17', 'Created new admin #23 (Okonkwo Joy)', '2015-08-11 10:25:01'),
(2018, '17', 'Created new admin #24 (Nnozirim Chinedu)', '2015-08-11 10:26:19'),
(2019, '17', 'Created new admin group #4 (IMO STATE Supervisors )', '2015-08-11 10:29:56'),
(2020, '17', 'Created new admin #25 (Nwachukwu Gilead)', '2015-08-11 10:31:00'),
(2021, '17', 'Created new admin #26 (ANYANWU Susan)', '2015-08-11 10:33:18'),
(2022, '25', 'Created new offender #11 (5)', '2015-08-11 10:38:11'),
(2023, '25', 'leared offender #11', '2015-08-11 10:40:55'),
(2024, '21', 'Updated polidy holder #1 (NWACHUKWU GILEAD)', '2015-08-11 10:53:22'),
(2025, '21', 'Created new policy #347 (ANYANWU nwachukwu)', '2015-08-11 10:55:16'),
(2026, '17', 'Created a new pricing 7 (Truck/Tipper/Etc)', '2015-08-12 10:03:36'),
(2027, '21', 'Created new policy #348 (gilead nwachukwu)', '2015-08-12 10:08:06'),
(2028, '21', 'Renewd policy #346 for 12 months (2016-08-10 - 2017-08-10)', '2015-08-12 11:01:40'),
(2029, '17', 'Created new policy #349 (Udo Chikodiugo)', '2015-08-12 13:10:48'),
(2030, '17', 'Updated pricing 3 (Motorcycle)', '2015-08-12 13:16:07'),
(2031, '17', 'Updated pricing 6 (Motorcycle)', '2015-08-12 13:16:26'),
(2032, '17', 'Updated pricing 7 (Truck/Tipper/Etc)', '2015-08-12 13:16:46'),
(2033, '17', 'Updated pricing 5 (Tricycle)', '2015-08-12 13:16:59'),
(2034, '17', 'Updated pricing 4 (Sport Utility Vehicles)', '2015-08-12 13:17:09'),
(2035, '17', 'Created a new pricing 8 (Pick-Up Van)', '2015-08-12 13:18:14'),
(2036, '17', 'Updated pricing 8 (Pick-Up Van)', '2015-08-12 13:18:29'),
(2037, '17', 'Updated admin details #25 (Nwachukwu Gilead)', '2015-08-12 13:22:21'),
(2038, '17', 'Updated admin group #1 (IMO STATE Consortium )', '2015-08-12 13:24:09'),
(2039, '17', 'Updated admin group #1 (IMO STATE TELLERS)', '2015-08-12 13:25:16'),
(2040, '17', 'Created new policy #350 (gilead nwachukwu)', '2015-08-12 13:35:07'),
(2041, '17', 'Created new policy #351 (gilead nwachukwu)', '2015-08-12 13:39:25'),
(2042, '21', 'Updated offence 6 (Expired Lincense (Cars))', '2015-08-12 15:24:45'),
(2043, '21', 'Updated offence 7 (Expired Lincense (Trucks))', '2015-08-12 15:25:14'),
(2044, '21', 'Updated offence 5 (Expired License (Motorcycle))', '2015-08-12 15:26:21'),
(2045, '21', 'Updated offence 6 (Expired License (Tricycle))', '2015-08-12 15:26:51'),
(2046, '21', 'Updated offence 7 (Expired License (Private Cars))', '2015-08-12 15:27:17'),
(2047, '21', 'Created a new offence 8 (Expired License (Truck/Tipper/Lorry/etc))', '2015-08-12 15:28:11'),
(2048, '21', 'Updated offence 8 (Expired License (Pick-Up/Bus))', '2015-08-12 15:28:44'),
(2049, '21', 'Created a new offence 9 (Expired License (Commercial Cars))', '2015-08-12 15:29:21'),
(2050, '21', 'Created a new offence 10 (Expired License (Truck/Tipper/Lorry/etc))', '2015-08-12 15:29:55'),
(2051, '17', 'Created new policy #352 (Okolie David)', '2015-08-13 13:37:10'),
(2052, '17', 'Created a new pricing 9 (Private Cars)', '2015-08-13 16:34:02'),
(2053, '17', 'Created new policy #353 (gilead nwachukwu)', '2015-08-13 16:36:25'),
(2054, '17', 'Created new policy #354 (gilead nwachukwu)', '2015-08-14 11:37:28'),
(2055, '17', 'Created new policy #355 (gilead nwachukwu)', '2015-08-14 13:04:40'),
(2056, '17', 'Created new policy #356 (Gilead Nwachukwu)', '2015-08-17 08:56:35'),
(2057, '17', 'Updated admin group #1 (IMO STATE TELLERS)', '2015-08-17 09:03:44'),
(2058, '17', 'Created new policy #357 (Nwachukwu John)', '2015-08-17 09:03:45'),
(2059, '17', 'Created new policy #358 (Okona Bright)', '2015-08-17 10:18:23'),
(2060, '17', 'Created new policy #359 (MR OKEREKE  HUMPHREY)', '2015-08-17 11:01:06'),
(2061, '17', 'Created new policy #360 (JEREMIAH  OKONKWO)', '2015-08-17 11:07:04'),
(2062, '17', 'Created new policy #361 (BARR (MRS) NKECHI UGBOAJA)', '2015-08-17 11:13:50'),
(2063, '17', 'Created new policy #362 (BARR (MRS) NKECHI UGBOAJA)', '2015-08-17 11:13:51'),
(2064, '18', 'Created new policy #363 (MRS EGO UBOCHI)', '2015-08-17 11:19:28'),
(2065, '17', 'Created new policy #364 (AJAH OKORO)', '2015-08-17 11:19:36'),
(2066, '18', 'Created new policy #365 (SAMUEL  ONYEBUCHI)', '2015-08-17 11:23:44'),
(2067, '17', 'Updated admin group #1 (IMO STATE TELLERS)', '2015-08-17 11:27:00'),
(2068, '18', 'Created new policy #366 (DR IKENNA AJAERE)', '2015-08-17 11:27:47'),
(2069, '17', 'Created new policy #367 (NZEREM FRANKLIN)', '2015-08-17 11:33:01'),
(2070, '18', 'Created new policy #368 (OKWUDILI D.)', '2015-08-17 11:50:57'),
(2071, '18', 'Created new policy #369 (OKOROAFOR CHIMAOBI)', '2015-08-17 11:59:12'),
(2072, '18', 'Created new policy #370 (REV. FR.  STEPHEN)', '2015-08-17 12:03:12'),
(2073, '18', 'Created new policy #371 (OLIVER CHIKEZIE)', '2015-08-17 12:06:13'),
(2074, '20', 'Created new policy #372 (OHAJUNWA IKE)', '2015-08-17 12:43:36'),
(2075, '20', 'Created new policy #373 (OGBU UCHENNA)', '2015-08-17 12:59:50'),
(2076, '18', 'Created new policy #374 (DR MRS ONYIA EDITH)', '2015-08-17 13:07:04'),
(2077, '18', 'Created new policy #375 (DR MRS ONYIA EDITH)', '2015-08-17 13:07:22'),
(2078, '20', 'Created new policy #376 (AJAERE ONYEBUCHI)', '2015-08-17 13:08:30'),
(2079, '18', 'Created new policy #377 (MR AHARANWA BONIFACE)', '2015-08-17 13:09:25'),
(2080, '18', 'Created new policy #378 (AMADI NICHOLAS)', '2015-08-17 13:14:45'),
(2081, '18', 'Created new policy #379 (MR AWHEME EINSTEIN)', '2015-08-17 13:20:53'),
(2082, '20', 'Created new policy #380 (FAITHFUL O)', '2015-08-17 13:28:08'),
(2083, '18', 'Created new policy #381 (SYDNEY O. UNEANYA)', '2015-08-17 13:32:46'),
(2084, '20', 'Created new policy #382 (GODWIN A)', '2015-08-17 13:34:00'),
(2085, '20', 'Created new policy #383 (AZUBUIKE DAVIDSON)', '2015-08-17 13:38:30'),
(2086, '20', 'Created new policy #384 (BARNABAS O)', '2015-08-17 13:42:52'),
(2087, '23', 'Created new policy #385 (ONYZEANU ANTHONY)', '2015-08-17 14:01:38'),
(2088, '20', 'Created new policy #386 (PRINCE ONYEKWE)', '2015-08-17 14:12:05'),
(2089, '20', 'Created new policy #387 (MBA CHUKWUEMEKA)', '2015-08-17 14:49:07'),
(2090, '23', 'Created new policy #388 (MISS LILIAN .C.)', '2015-08-17 14:55:28'),
(2091, '18', 'Created new policy #389 (MR ANYANWU REMIGIUS)', '2015-08-17 15:12:46'),
(2092, '20', 'Created new policy #390 (NOBERT UZOMA)', '2015-08-17 15:44:20'),
(2093, '17', 'Created a new pricing 10 (Private/Commercial Bus)', '2015-08-17 16:21:32'),
(2094, '17', 'Updated admin group #1 (IMO STATE Consortium )', '2015-08-17 16:24:02'),
(2095, '17', 'Created new admin #27 (Okolie David)', '2015-08-17 16:26:50'),
(2096, '17', 'Updated admin group #1 (IMO STATE TELLERS)', '2015-08-17 17:01:24'),
(2097, '17', 'leared offender #8', '2015-08-17 17:28:38'),
(2098, '17', 'leared offender #7', '2015-08-17 17:28:59'),
(2099, '17', 'leared offender #9', '2015-08-17 17:29:25'),
(2100, '17', 'leared offender #5', '2015-08-17 17:29:41'),
(2101, '17', 'leared offender #6', '2015-08-17 17:30:11'),
(2102, '17', 'leared offender #10', '2015-08-17 17:30:24'),
(2103, '17', 'Created new admin #28 (Ojiaku Chizoba)', '2015-08-17 17:32:27'),
(2104, '17', 'Created new admin group #5 (Sole Administrator)', '2015-08-17 17:36:03'),
(2105, '17', 'Created new admin #29 (Nwachukwu Success)', '2015-08-17 17:38:45'),
(2106, '17', 'Created new admin #30 (Nwachukwu Gilead)', '2015-08-17 17:41:01'),
(2107, '20', 'Created new policy #391 (NWAKWE CHIMEZIE)', '2015-08-18 07:56:18'),
(2108, '18', 'Created new policy #392 (BARR. STAN CHIKE)', '2015-08-18 08:40:43'),
(2109, '18', 'Created new policy #393 (NWAGU OKECHUKWU)', '2015-08-18 08:49:33'),
(2110, '18', 'Created new policy #394 (ENGR ANYANWU  O.OBED)', '2015-08-18 08:53:58'),
(2111, '18', 'Created new policy #395 (CHIEF BENJAMIN NNADOZIE)', '2015-08-18 09:06:55'),
(2112, '20', 'Created new policy #396 (MR CHINAKA INNOCENT)', '2015-08-18 09:10:15'),
(2113, '20', 'Created new policy #397 (FIRST BANK OF NIGERIA)', '2015-08-18 09:17:39'),
(2114, '18', 'Created new policy #398 (PROF. ENOCH A. ANYANWU)', '2015-08-18 09:34:17'),
(2115, '18', 'Created new policy #399 (MR CYPRIAN AMADI)', '2015-08-18 09:38:13'),
(2116, '20', 'Created new policy #400 (OZURUIGBO  KINGSLEY)', '2015-08-18 09:42:13'),
(2117, '20', 'Created new policy #401 (MR NNAMDI)', '2015-08-18 09:45:36'),
(2118, '20', 'Created new policy #402 (MR  PATRICK. I.)', '2015-08-18 09:56:56'),
(2119, '21', 'Created new policy #403 (KELECHI G)', '2015-08-18 10:01:41'),
(2120, '20', 'Created new policy #404 (UCHEKA EMMANUEL)', '2015-08-18 10:02:57'),
(2121, '20', 'Created new policy #405 (CHIEF EUGENE)', '2015-08-18 10:07:34'),
(2122, '18', 'Created new policy #406 (GODWIN IFEANYI)', '2015-08-18 10:10:43'),
(2123, '18', 'Created new policy #407 (MRS STELLA EGEJURU JULIUS)', '2015-08-18 10:13:08'),
(2124, '20', 'Created new policy #408 (DR ANYAEZE)', '2015-08-18 10:13:17'),
(2125, '20', 'Created new policy #409 (JOHNSON OBIOMA)', '2015-08-18 10:17:44'),
(2126, '18', 'Created new policy #410 (OBIAGELI ROSELING)', '2015-08-18 10:18:00'),
(2127, '21', 'Created new policy #411 (IDEDU AKAJEMELI)', '2015-08-18 10:20:19'),
(2128, '20', 'Created new policy #412 (REV LEONARD OBIOMA)', '2015-08-18 10:22:30'),
(2129, '20', 'Created new policy #413 (NDUKWE UDEH)', '2015-08-18 10:27:38'),
(2130, '18', 'Created new policy #414 (IKE CHRIS)', '2015-08-18 10:31:10'),
(2131, '20', 'Created new policy #415 (ONWE ALOYSIUS)', '2015-08-18 10:31:33'),
(2132, '18', 'Created new policy #416 (MR UKAEGBU ANTHONY)', '2015-08-18 10:34:13'),
(2133, '20', 'Created new policy #417 (OLIVER .C .)', '2015-08-18 10:35:24'),
(2134, '21', 'Created new policy #418 (UGOCHUKWU HENRY)', '2015-08-18 10:38:10'),
(2135, '18', 'Created new policy #419 (MRS IJEOMA NNENNA U.)', '2015-08-18 10:43:47'),
(2136, '23', 'Created new policy #420 (MR SIXTUS NJOKU)', '2015-08-18 10:49:32'),
(2137, '23', 'Created new policy #421 (MR  JUDE)', '2015-08-18 10:57:07'),
(2138, '23', 'Created new policy #422 (HON VICTOR NWAKANMA)', '2015-08-18 11:03:28'),
(2139, '23', 'Created new policy #423 (OJIEGBE CHUKWUEMEKA)', '2015-08-18 11:10:02'),
(2140, '20', 'Created new policy #424 (EZEANOWI GODWIN)', '2015-08-18 11:27:08'),
(2141, '18', 'Created new policy #425 (MR ALIRIAGWU DONALD)', '2015-08-18 11:28:58'),
(2142, '18', 'Created new policy #426 (EMEKA IWUOHA)', '2015-08-18 11:51:51'),
(2143, '20', 'Created new policy #427 (ONWUBUARIRI BESSEY)', '2015-08-18 12:10:20'),
(2144, '18', 'Created new policy #428 (MR EDWARD AKHIME)', '2015-08-18 12:15:33'),
(2145, '18', 'Created new policy #429 (ANYAKOHA OKWUDIRI  I.)', '2015-08-18 12:19:02'),
(2146, '18', 'Created new policy #430 (CHIEF STEPHEN AMAECHI)', '2015-08-18 12:32:10'),
(2147, '18', 'Created new policy #431 (IKECHUKWU N. UBA)', '2015-08-18 13:03:07'),
(2148, '18', 'Created new policy #432 (NDUBUISI S. IBE)', '2015-08-18 13:05:28'),
(2149, '18', 'Created new policy #433 (UZOCHUKWU N. IKEDI)', '2015-08-18 13:29:06'),
(2150, '18', 'Created new policy #434 (CHIEF & LADY PATRICIA OKOROJI)', '2015-08-18 13:36:36'),
(2151, '20', 'Created new policy #435 (EMENIKE UCHECHUKWU)', '2015-08-18 13:46:15'),
(2152, '23', 'Created new policy #436 (MRS NWANDIKO EDITH)', '2015-08-18 13:51:15'),
(2153, '18', 'Created new policy #437 (PASTOR & DR(MRS) NWANESI A. )', '2015-08-18 14:03:14'),
(2154, '23', 'Created new policy #438 (MRS.  M.C NKWOCHA)', '2015-08-18 14:06:41'),
(2155, '20', 'Created new policy #439 (ENGR UCHE KELVIN)', '2015-08-18 14:14:10'),
(2156, '20', 'Created new policy #440 (MR JOHN)', '2015-08-18 14:18:13'),
(2157, '18', 'Created new policy #441 (MRS NJOKU  LINDA)', '2015-08-18 14:19:17'),
(2158, '23', 'Created new policy #442 (ODUEZE MICHEAL .C.)', '2015-08-18 14:21:44'),
(2159, '18', 'Created new policy #443 (CHIBUZO VINCENT NWOSU)', '2015-08-18 14:28:27'),
(2160, '18', 'Created new policy #444 (MAJOR ERONDU ONYIL WILLIAMS)', '2015-08-18 14:36:25'),
(2161, '23', 'Created new policy #445 (IDOKO .C. SIMEON)', '2015-08-18 14:54:49'),
(2162, '18', 'Created new policy #446 (OPARA IJEOMA  ANGELA)', '2015-08-18 15:03:00'),
(2163, '18', 'Created new policy #447 (CHARLES .N. AKALANZE)', '2015-08-18 15:08:58'),
(2164, '23', 'Created new policy #448 (DR SIMEON CHIOMA)', '2015-08-18 15:10:00'),
(2165, '18', 'Created new policy #449 (MR ONUMAEGBU F. ONYEDIKACHI)', '2015-08-18 15:28:04'),
(2166, '18', 'Created new policy #450 (DR. FRANCIS NNOLIM)', '2015-08-18 15:34:32'),
(2167, '18', 'Created new policy #451 (IKENNA  NJERE)', '2015-08-18 15:43:50'),
(2168, '18', 'Created new policy #452 (BARR DANIEL AKANOH)', '2015-08-18 15:48:31'),
(2169, '18', 'Created new policy #453 (OFOEGBU NGOZI JOY)', '2015-08-19 07:32:47'),
(2170, '18', 'Created new policy #454 (MGBENU IFEOMA  JOY)', '2015-08-19 07:35:04'),
(2171, '18', 'Created new policy #455 (SIR M. O. CHUKWU)', '2015-08-19 07:36:56'),
(2172, '20', 'Created new policy #456 (AKUNADA REGINALD)', '2015-08-19 07:45:28'),
(2173, '18', 'Created new policy #457 (DR. AUSTINE O. NNAJI)', '2015-08-19 08:00:03'),
(2174, '18', 'Created new policy #458 (NWOGA CASMIR)', '2015-08-19 08:08:33'),
(2175, '18', 'Created new policy #459 (ANUKANTI CASMIR CHIBUGO)', '2015-08-19 08:32:50'),
(2176, '20', 'Created new policy #460 (ONWUKWE CHRISTOPHER)', '2015-08-19 08:35:18'),
(2177, '23', 'Created new policy #461 (MR CHARLES I ADAUGO N.)', '2015-08-19 08:36:40'),
(2178, '17', 'Created new admin #31 (Egbuchulem Chidi)', '2015-08-19 08:36:55'),
(2179, '18', 'Created new policy #462 (DR. NWAKAMMA GERALD)', '2015-08-19 08:40:43'),
(2180, '23', 'Created new policy #463 (UZODINMA IFEANYI)', '2015-08-19 09:03:57'),
(2181, '18', 'Created new policy #464 (MADUKA NKEIRUKA TONY)', '2015-08-19 09:18:58'),
(2182, '23', 'Created new policy #465 (ENYINGWA NKECHI)', '2015-08-19 09:19:44'),
(2183, '18', 'Created new policy #466 (DR. CHIBUZO L. OKOROAMA NEE ANYACHIE)', '2015-08-19 09:24:25'),
(2184, '21', 'Created new policy #467 (SEBASTIAN  ANOKAM)', '2015-08-19 09:28:55'),
(2185, '18', 'Created new policy #468 (PST. CALEB O. OKE)', '2015-08-19 09:31:12'),
(2186, '23', 'Created new policy #469 (ERIC ORUBELE)', '2015-08-19 09:33:13'),
(2187, '23', 'Created new policy #470 (ANUFORO OGECHI)', '2015-08-19 09:40:18'),
(2188, '20', 'Created new policy #471 (IKENNA PATRICK)', '2015-08-19 09:48:11'),
(2189, '21', 'Created new policy #472 (OTU,OTU ARCHIBONG)', '2015-08-19 09:54:33'),
(2190, '21', 'Created new policy #473 (ENGR. CHARLES UGWUH)', '2015-08-19 10:05:43'),
(2191, '21', 'Created new policy #474 (CHIEF INNOCENT D. NWOGU)', '2015-08-19 10:07:59'),
(2192, '20', 'Created new policy #475 (ESIEGWU ARTHUR)', '2015-08-19 10:12:09'),
(2193, '23', 'Created new policy #476 (ANOPUEME PETERUS)', '2015-08-19 10:28:47'),
(2194, '18', 'Created new policy #477 (EZEOBI CHIDINMA LILIAN)', '2015-08-19 10:40:20'),
(2195, '18', 'Created new policy #478 (MAGISTRATE TOBECHI AGUMADU)', '2015-08-19 10:42:48'),
(2196, '18', 'Created new policy #479 (SIR DR.  CHRISONYEMA ESOMANU)', '2015-08-19 10:45:22'),
(2197, '18', 'Created new policy #480 (BISHOP DR. VINCENT O. OGWURIKE)', '2015-08-19 10:49:31'),
(2198, '23', 'Created new policy #481 (CHIEF SAMUEL I.)', '2015-08-19 10:54:36'),
(2199, '23', 'Created new policy #482 (DR DAN CHIMA)', '2015-08-19 11:01:46'),
(2200, '18', 'Created new policy #483 (EJIMS  JOHN)', '2015-08-19 11:07:06'),
(2201, '18', 'Created new policy #484 (BETCOMPLETE NIGERIA LTD)', '2015-08-19 11:11:47'),
(2202, '23', 'Created new policy #485 (ENGR.  ONYEMAOBI)', '2015-08-19 11:24:30'),
(2203, '18', 'Created new policy #486 (ENGR. BENSON I. OGBUEBELE)', '2015-08-19 11:25:28'),
(2204, '18', 'Created new policy #487 (ENGR. BENSON I. OGBUEBELE)', '2015-08-19 11:25:29'),
(2205, '18', 'Created new policy #488 (PASTOR ADEOBA SAMUEL)', '2015-08-19 11:29:48'),
(2206, '20', 'Created new policy #489 (MR&MRS  PIUS)', '2015-08-19 11:33:53'),
(2207, '23', 'Created new policy #490 (ADEGBITE OLUWASEUN)', '2015-08-19 11:35:20'),
(2208, '21', 'Created new policy #491 (DR. BALOGUN CHRISTIAN)', '2015-08-19 11:39:35'),
(2209, '21', 'Created new policy #492 (MR. IWUABA GREG)', '2015-08-19 11:42:49'),
(2210, '23', 'Created new policy #493 (ANYATONWU K.)', '2015-08-19 11:43:30'),
(2211, '21', 'Created new policy #494 (KELECHI GODIAN )', '2015-08-19 11:46:11'),
(2212, '20', 'Created new policy #495 (REV OHUCHARA)', '2015-08-19 11:52:17'),
(2213, '23', 'Created new policy #496 (EMMANUEL .O.)', '2015-08-19 11:55:24'),
(2214, '18', 'Created new policy #497 (MRS PLEASURE NWAMAKA NJOKU)', '2015-08-19 11:56:38'),
(2215, '18', 'Created new policy #498 (CHIEF OBI JOSEPH)', '2015-08-19 11:58:15'),
(2216, '21', 'Created new policy #499 (EKWERIKE GODWIN)', '2015-08-19 12:04:53'),
(2217, '18', 'Created new policy #500 (MISS OKORO EMILIA OJIUGO)', '2015-08-19 12:06:19'),
(2218, '18', 'Created new policy #501 (OKELE DONATUS)', '2015-08-19 12:08:41'),
(2219, '21', 'Created new policy #502 (OHANUKA CYRIL)', '2015-08-19 12:12:26'),
(2220, '20', 'Created new policy #503 (ONUOHA .R.)', '2015-08-19 12:13:50'),
(2221, '20', 'Created new policy #504 (EMEKA NDUKWU)', '2015-08-19 12:17:48'),
(2222, '20', 'Created new policy #505 (SAMUEL ANYANWU)', '2015-08-19 12:20:55'),
(2223, '21', 'Created new policy #506 (MR. NWEKE AUGUSTINE)', '2015-08-19 12:25:07'),
(2224, '18', 'Created new policy #507 (AMARACHUKWU STELLA ONUCHUKWU)', '2015-08-19 12:28:44'),
(2225, '18', 'Created new policy #508 (IHEANACHO DARLINGTON OSONDU)', '2015-08-19 12:31:23'),
(2226, '23', 'Created new policy #509 (MR AKUJOR IKECHUKWU)', '2015-08-19 12:31:42'),
(2227, '23', 'Created new policy #510 (EJIMADU ONYEMA)', '2015-08-19 12:37:20'),
(2228, '23', 'Created new policy #511 (MR OSAJI PIUS )', '2015-08-19 12:44:17'),
(2229, '18', 'Created new policy #512 (EMILDA UNANKA)', '2015-08-19 12:50:10'),
(2230, '21', 'Created new policy #513 (DR. PAUL UKONU)', '2015-08-19 12:50:29'),
(2231, '23', 'Created new policy #514 (PRINCEWILL OBI)', '2015-08-19 12:51:53'),
(2232, '21', 'Created new policy #515 (HON. CHIEF BARR. NICH)', '2015-08-19 12:55:41'),
(2233, '23', 'Created new policy #516 (EDEH .N. MAGNUS)', '2015-08-19 12:56:39'),
(2234, '21', 'Created new policy #517 (OHAERI FELIX)', '2015-08-19 12:59:48'),
(2235, '18', 'Created new policy #518 (NYERERE C. ANYIM)', '2015-08-19 13:01:09'),
(2236, '18', 'Created new policy #519 (MRS JOY EKEMONYE)', '2015-08-19 13:03:02'),
(2237, '23', 'Created new policy #520 (MR CHRIS ONYEKWERE)', '2015-08-19 13:03:29'),
(2238, '21', 'Created new policy #521 (MR. OGBONNA CAJETAN)', '2015-08-19 13:03:44'),
(2239, '20', 'Created new policy #522 (JOY NGOZI)', '2015-08-19 13:06:35'),
(2240, '21', 'Created new policy #523 (GEORGE ONYEAGAM)', '2015-08-19 13:07:05'),
(2241, '23', 'Created new policy #524 (IKECHUKWU ONYEMANNADI)', '2015-08-19 13:11:22'),
(2242, '21', 'Created new policy #525 (DR. JUDE IWUCHUKWU)', '2015-08-19 13:11:35'),
(2243, '20', 'Created new policy #526 (MR ONYENANKEYA GIDEON)', '2015-08-19 13:15:17'),
(2244, '20', 'Created new policy #527 (CHIEF NWISHI O. ANTHONY)', '2015-08-19 13:17:07'),
(2245, '20', 'Created new policy #528 (REV FR  POLYCARP)', '2015-08-19 13:27:12'),
(2246, '23', 'Created new policy #529 (EJIMMADU REXMARTINS .C.)', '2015-08-19 13:44:00'),
(2247, '18', 'Created new policy #530 (ALUKA CHIDOZIE CHRISTOPHER)', '2015-08-19 13:47:02'),
(2248, '18', 'Created new policy #531 (EKE NKECHINYERE NNEKA)', '2015-08-19 13:48:24'),
(2249, '18', 'Created new policy #532 (EKE NKECHINYERE NNEKA)', '2015-08-19 13:48:25'),
(2250, '20', 'Created new policy #533 (CHIEF SIR OSUAGWU)', '2015-08-19 13:59:08'),
(2251, '18', 'Created new policy #534 (UCHE GEORGE IBEKWE)', '2015-08-19 14:04:11'),
(2252, '21', 'Created new policy #535 (EMENIKE KINGSLEY)', '2015-08-19 14:21:56'),
(2253, '21', 'Created new policy #536 (CHIMEZIE M.A)', '2015-08-19 14:26:10'),
(2254, '20', 'Created new policy #537 (PETER KENECHUKWU)', '2015-08-19 14:29:37'),
(2255, '23', 'Created new policy #538 (MRS CHIKA CHUKWUMA)', '2015-08-19 16:03:54'),
(2256, '23', 'Created new policy #539 (ISAAC .A. OFURU)', '2015-08-19 16:07:36'),
(2257, '17', 'Created new policy #540 (ANORUE CHIJIOKE)', '2015-08-19 16:30:49'),
(2258, '17', 'Updated polidy holder #540 (ANORUE CHIJIOKE)', '2015-08-19 16:31:33'),
(2259, '31', 'Created new policy #541 (CLIFFORD OSAH)', '2015-08-19 16:32:44'),
(2260, '31', 'Created new policy #542 (ORIKE OKWUDIRI)', '2015-08-19 16:44:43'),
(2261, '31', 'Created new policy #543 (UCHENNA  NWOBODO)', '2015-08-19 16:54:14'),
(2262, '31', 'Created new policy #544 (KAMALU PEACE)', '2015-08-19 17:04:02'),
(2263, '31', 'Created new policy #545 (IGWE IKECHUKWU)', '2015-08-19 17:15:03'),
(2264, '31', 'Created new policy #546 (EBOCHUE JOHN LIGHT)', '2015-08-19 17:29:54'),
(2265, '31', 'Created new policy #547 (GOZIE IKE UCHENNA)', '2015-08-19 17:42:52'),
(2266, '31', 'Created new policy #548 (IKEKPERE UCHE)', '2015-08-19 17:53:53'),
(2267, '31', 'Created new policy #549 (EMESARA FRANCIS)', '2015-08-19 18:01:33'),
(2268, '31', 'Created new policy #550 (DURU BENJAMIN)', '2015-08-19 18:09:33'),
(2269, '31', 'Created new policy #551 (IROKA SAMUEL)', '2015-08-19 22:58:30'),
(2270, '31', 'Created new policy #552 (ANYANG JAMES)', '2015-08-19 23:11:33'),
(2271, '31', 'Created new policy #553 (ONUOHA CHIBUZOR)', '2015-08-20 00:26:21'),
(2272, '31', 'Created new policy #554 (IGWEOKWU CHINONYE)', '2015-08-20 00:34:45'),
(2273, '31', 'Created new policy #555 (OTTA  EKENE)', '2015-08-20 00:47:43'),
(2274, '31', 'Created new policy #556 (JOSEPH KANU)', '2015-08-20 00:56:48'),
(2275, '31', 'Created new policy #557 (EJIOFOR CYRIL)', '2015-08-20 01:04:40'),
(2276, '31', 'Created new policy #558 (ONUOHA KINGSLEY)', '2015-08-20 01:14:26'),
(2277, '31', 'Created new policy #559 (LAPO MICRO-FINANCE BANK)', '2015-08-20 01:25:59'),
(2278, '21', 'Created new policy #560 (MR. CHIJIOKE  OBIALOR)', '2015-08-20 06:36:37'),
(2279, '18', 'Created new policy #561 (IGWE  CHUKWUEMEKA)', '2015-08-20 07:31:31'),
(2280, '18', 'Created new policy #562 (DR. OKECHUKWU UZOMA)', '2015-08-20 07:33:43'),
(2281, '18', 'Created new policy #563 (MR ONYEIWE MAFUS OBI)', '2015-08-20 08:05:26'),
(2282, '20', 'Created new policy #564 (SEBASTINE NJOKU)', '2015-08-20 08:28:33'),
(2283, '20', 'Created new policy #565 (ENGR .L .C EZECHUKWU)', '2015-08-20 08:32:34'),
(2284, '20', 'Created new policy #566 (DR ORUWARI JOHN)', '2015-08-20 08:39:13'),
(2285, '18', 'Created new policy #567 (NWACHUKWU IHESINACHI CHUKWUMA)', '2015-08-20 08:47:18'),
(2286, '18', 'Created new policy #568 (DR. H. C.  NGUMA)', '2015-08-20 08:50:38'),
(2287, '20', 'Created new policy #569 (MR&MRS  OHABUGHIRO)', '2015-08-20 08:59:21'),
(2288, '18', 'Created new policy #570 (MR. IHEBOM C. OBINNA)', '2015-08-20 09:08:16'),
(2289, '18', 'Created new policy #571 (MRS. BERNADETTE ONUOHA NKAKWA)', '2015-08-20 09:16:44'),
(2290, '18', 'Created new policy #572 (PASTOR DR. ELIAS ANUMADU)', '2015-08-20 09:32:26'),
(2291, '20', 'Created new policy #573 (OKORO .O.M. VICTOR)', '2015-08-20 09:32:48'),
(2292, '18', 'Created new policy #574 (ADAEZE MRS. ANUMUDU BEST)', '2015-08-20 09:34:13'),
(2293, '20', 'Created new policy #575 (BENSON AZOMA)', '2015-08-20 09:37:44'),
(2294, '18', 'Created new policy #576 (MR. KENNETH STEPHENS)', '2015-08-20 09:44:01'),
(2295, '18', 'Created new policy #577 (CYPRIAN ACHINIHU)', '2015-08-20 09:55:58'),
(2296, '18', 'Created new policy #578 (MR. CHIMAKA CAJETAN CHINEDU)', '2015-08-20 10:01:04'),
(2297, '19', 'Created new policy #579 (MARVIS ARIRIGUZO)', '2015-08-20 10:02:19'),
(2298, '18', 'Created new policy #580 (EMMANUEL UZOMA EMELU)', '2015-08-20 10:08:47'),
(2299, '19', 'Created new policy #581 (DR.  NEBOLIAH)', '2015-08-20 10:18:28'),
(2300, '18', 'Created new policy #582 (CHIEF CHRISTIAN ACHONU)', '2015-08-20 10:18:38'),
(2301, '20', 'Created new policy #583 (DR MADUBUKO CHUKWUMA)', '2015-08-20 10:25:57'),
(2302, '18', 'Created new policy #584 (HON. VICTOR ONYEWUCHI)', '2015-08-20 10:34:04'),
(2303, '18', 'Created new policy #585 (CAJETHAN U. ANUMKUA)', '2015-08-20 10:40:10'),
(2304, '21', 'Created new policy #586 (MRS. FAITH EROMINI)', '2015-08-20 10:46:01'),
(2305, '18', 'Created new policy #587 (STANLEY EZEKIEL ENWEREOBI)', '2015-08-20 10:49:46'),
(2306, '18', 'Created new policy #588 (MBAEGBU INNOCENT)', '2015-08-20 10:51:48'),
(2307, '20', 'Created new policy #589 (ALTHANASIUS OPARA)', '2015-08-20 10:53:38'),
(2308, '21', 'Created new policy #590 (SHEDRACH FRIDAY)', '2015-08-20 11:07:58'),
(2309, '19', 'Created new policy #591 (MRS DURU EMILIA)', '2015-08-20 11:12:42'),
(2310, '20', 'Created new policy #592 (ICHIE FRANK. O .)', '2015-08-20 11:26:24'),
(2311, '20', 'Created new policy #593 (HOLY FAMILY  TABLE)', '2015-08-20 11:30:30'),
(2312, '20', 'Created new policy #594 (HOLY FAMILY  TABLE)', '2015-08-20 11:33:08'),
(2313, '18', 'Created new policy #595 (OGIDI INNOCENT)', '2015-08-20 11:36:39'),
(2314, '18', 'Created new policy #596 (GEOFFREY DURU)', '2015-08-20 11:59:42'),
(2315, '18', 'Created new policy #597 (GEOFFREY CHIGOZIE DURU)', '2015-08-20 12:02:24'),
(2316, '20', 'Created new policy #598 (CHIEF O. U)', '2015-08-20 12:14:29'),
(2317, '21', 'Created new policy #599 (MRS. CLEMENTINA C.)', '2015-08-20 12:22:29'),
(2318, '18', 'Created new policy #600 (ERNEST KAMALU)', '2015-08-20 12:35:17'),
(2319, '20', 'Created new policy #601 (ENGR JOHN  EMEKA)', '2015-08-20 12:42:23'),
(2320, '21', 'Created new policy #602 (DR. NWEZE)', '2015-08-20 12:44:37'),
(2321, '18', 'Created new policy #603 (DR. OKECHUKWU OPENE)', '2015-08-20 12:44:56'),
(2322, '18', 'Created new policy #604 (MRS. OPENE B. C.)', '2015-08-20 12:46:49'),
(2323, '21', 'Created new policy #605 (REV. FR. MARY CALISTUS)', '2015-08-20 12:56:30'),
(2324, '18', 'Created new policy #606 (CHINASA C. NWANERI)', '2015-08-20 13:03:36'),
(2325, '19', 'Created new policy #607 (SAMUEL COMFORT)', '2015-08-20 13:05:37'),
(2326, '19', 'Created new policy #608 (MRS GIFT)', '2015-08-20 13:12:59'),
(2327, '20', 'Created new policy #609 (AMANZE BLESSING)', '2015-08-20 13:24:55'),
(2328, '19', 'Created new policy #610 (PROF DEDE E.)', '2015-08-20 13:35:16'),
(2329, '18', 'Created new policy #611 (AWELE YVONNE OKWUOSA)', '2015-08-20 13:36:44'),
(2330, '18', 'Created new policy #612 (ENGR. MATHEW UCHECHUKWU)', '2015-08-20 13:52:04'),
(2331, '18', 'Created new policy #613 (MR HAPPINESS EKE)', '2015-08-20 14:00:08'),
(2332, '31', 'Created new policy #614 (UMUNNAKWE KATE)', '2015-08-20 14:05:45'),
(2333, '19', 'Created new policy #615 (MR AHAOTU JOHN)', '2015-08-20 14:06:08'),
(2334, '18', 'Created new policy #616 (OBINNA V. AZOGU)', '2015-08-20 14:08:19'),
(2335, '18', 'Created new policy #617 (ONWUZURUIGBO HENRY C.)', '2015-08-20 14:12:19'),
(2336, '18', 'Created new policy #618 (SETH UKAEGBU)', '2015-08-20 14:14:31'),
(2337, '20', 'Created new policy #619 (REV TIMOTHY)', '2015-08-20 14:14:45'),
(2338, '19', 'Created new policy #620 (DAVID E.)', '2015-08-20 14:15:49'),
(2339, '20', 'Created new policy #621 (REV TIMOTHY)', '2015-08-20 14:24:03'),
(2340, '20', 'Created new policy #622 (MR  ONWUBUARIRI)', '2015-08-20 14:28:52'),
(2341, '20', 'Created new policy #623 (BARR AZUBUIKE .N)', '2015-08-20 14:35:48'),
(2342, '18', 'Created new policy #624 (INNOCENT NNAEMEKA E.)', '2015-08-20 14:41:42'),
(2343, '19', 'Created new policy #625 (MARTIN OSUOHA)', '2015-08-20 15:13:52'),
(2344, '19', 'Created new policy #626 (ANORUO A)', '2015-08-20 15:18:15'),
(2345, '18', 'Created new policy #627 (MRS. G A. IWU)', '2015-08-20 15:30:04'),
(2346, '19', 'Created new policy #628 (ANTHONY IBE)', '2015-08-20 15:31:22'),
(2347, '31', 'Created new policy #629 (OGU EVELYN)', '2015-08-21 06:24:55'),
(2348, '31', 'Created new policy #630 (ILE EZEBUIKE)', '2015-08-21 06:34:55'),
(2349, '31', 'Created new policy #631 (NGBOROGU EMMANUEL)', '2015-08-21 06:42:44'),
(2350, '31', 'Created new policy #632 (OKEKE NGOZI)', '2015-08-21 06:49:42'),
(2351, '31', 'Created new policy #633 (MEBOM WISDOM)', '2015-08-21 06:59:38'),
(2352, '31', 'Created new policy #634 (OBIALOR MUODEBELU)', '2015-08-21 07:10:13'),
(2353, '20', 'Created new policy #635 (MR OKWARA KINGSLEY)', '2015-08-21 07:49:11'),
(2354, '19', 'Created new policy #636 (MR ISREAL)', '2015-08-21 07:59:46'),
(2355, '18', 'Created new policy #637 (UKAEGBU AKUNNA)', '2015-08-21 08:07:03'),
(2356, '18', 'Created new policy #638 (REV. FR. MARTIN OSOROBI)', '2015-08-21 08:09:08'),
(2357, '20', 'Created new policy #639 (OPARA STEPHEN)', '2015-08-21 08:14:11'),
(2358, '18', 'Created new policy #640 (NJOKU CHISOM IKECHUKWU)', '2015-08-21 08:34:26'),
(2359, '18', 'Created new policy #641 (MR. NNAJI MARK-ANTHONY K.)', '2015-08-21 08:49:17'),
(2360, '18', 'Created new policy #642 (NKEMKA CHIAKA DORIS)', '2015-08-21 08:50:43'),
(2361, '19', 'Created new policy #643 (IHEMEBIRI GILBERT)', '2015-08-21 08:56:14'),
(2362, '20', 'Created new policy #644 (CHIEF BEEDOFF)', '2015-08-21 09:08:41'),
(2363, '18', 'Created new policy #645 (ONWUEGBUCHULAM UCHE)', '2015-08-21 09:15:21'),
(2364, '19', 'Created new policy #646 (MR AUGUSTINE)', '2015-08-21 09:18:19'),
(2365, '18', 'Created new policy #647 (MR. HYGINUS I. EKEH)', '2015-08-21 09:20:04'),
(2366, '19', 'Created new policy #648 (MR AUGUSTINE)', '2015-08-21 09:20:39'),
(2367, '17', 'Updated admin group #1 (IMO STATE TELLERS)', '2015-08-21 09:25:12'),
(2368, '18', 'Created new policy #649 (MR. HYGINUS I. EKEH)', '2015-08-21 09:25:17'),
(2369, '17', 'Updated profile details #17 (Nazbel Consult)', '2015-08-21 09:26:56'),
(2370, '20', 'Updated Login information', '2015-08-21 09:27:19'),
(2371, '17', 'Updated Login information', '2015-08-21 09:28:08'),
(2372, '17', 'Updated profile details #17 (Nazbel Consult)', '2015-08-21 09:28:27'),
(2373, '17', 'Created new admin #32 (Eberendu Cajetan)', '2015-08-21 09:35:28'),
(2374, '18', 'Created new policy #650 (PRINCE EZE UGOCHUKWU)', '2015-08-21 09:40:40'),
(2375, '21', 'Updated Login information', '2015-08-21 09:41:50'),
(2376, '17', 'Created new admin #33 (Ike Nwosu)', '2015-08-21 09:43:06'),
(2377, '17', 'Created new admin #34 (Nwosu Silas)', '2015-08-21 09:47:21'),
(2378, '17', 'Created new admin #35 (Asimole Ben)', '2015-08-21 09:49:36'),
(2379, '21', 'Created new policy #651 (UWAEZUOKE UCHECHUKWU)', '2015-08-21 09:50:40'),
(2380, '17', 'Created new admin #36 (Nzerem Barth)', '2015-08-21 09:53:13'),
(2381, '19', 'Updated Login information', '2015-08-21 09:54:06'),
(2382, '19', 'Created new policy #652 (AKOBUCHI JONAH)', '2015-08-21 09:57:10'),
(2383, '18', 'Created new policy #653 (MR. ANTHONY C. IBE)', '2015-08-21 10:03:18'),
(2384, '17', 'Created new admin #37 (Unegbu Assumpta)', '2015-08-21 10:15:14'),
(2385, '18', 'Created new policy #654 (DR. HYCINTH C. IWU)', '2015-08-21 10:16:42'),
(2386, '18', 'Created new policy #655 (DR. ANYALEBECHI E. IHECHUKWU)', '2015-08-21 10:20:40'),
(2387, '18', 'Created new policy #656 (PANCHAM INTERNATIONAL LTD)', '2015-08-21 10:36:51'),
(2388, '18', 'Created new policy #657 (CHOC  INTERNATIONAL LTD)', '2015-08-21 10:39:04'),
(2389, '20', 'Created new policy #658 (DR CHUKS)', '2015-08-21 10:44:02'),
(2390, '20', 'Created new policy #659 (MR J.C)', '2015-08-21 10:48:34'),
(2391, '18', 'Created new policy #660 (CHINOMSO CHINENYE ODUAH)', '2015-08-21 10:51:16'),
(2392, '17', 'Updated pricing 3 (Motorcycle)', '2015-08-21 10:56:51'),
(2393, '17', 'Updated pricing 3 (Motorcycle)', '2015-08-21 10:57:31'),
(2394, '18', 'Created new policy #661 (MRS. ADA OGUWUIKE)', '2015-08-21 11:06:11'),
(2395, '17', 'Created new policy #662 (OKONA BRIGHT)', '2015-08-21 12:18:42'),
(2396, '21', 'Created new policy #663 (FRANCIS OPIRI)', '2015-08-21 12:20:15'),
(2397, '19', 'Created new policy #664 (BARR.  MRS  CHIDILEM)', '2015-08-21 12:24:41'),
(2398, '18', 'Created new policy #665 (CHAPLAIN ALBERT CHUKS)', '2015-08-21 12:30:54'),
(2399, '21', 'Created new policy #666 (VICTORIA HALIM)', '2015-08-21 12:41:28'),
(2400, '20', 'Created new policy #667 (GERALD OKWARANYIA)', '2015-08-21 12:59:48'),
(2401, '19', 'Created new policy #668 (ALFRED ONYIJE)', '2015-08-21 13:05:53'),
(2402, '19', 'Created new policy #669 (LOUIS NWACHIMEREZE)', '2015-08-21 13:10:22'),
(2403, '21', 'Created new policy #670 (OBIGWE GODWIN)', '2015-08-21 13:13:50'),
(2404, '19', 'Created new policy #671 (FAVOUR ONUOHA)', '2015-08-21 13:20:13'),
(2405, '18', 'Created new policy #672 (MR AMUKAMARA CELESTINE UNAMMA)', '2015-08-21 13:26:05'),
(2406, '21', 'Created new policy #673 (AGWANIHU LINDA)', '2015-08-21 13:28:02'),
(2407, '18', 'Created new policy #674 (MR AMUKAMARA CELESTINE UNAMMA)', '2015-08-21 13:30:22'),
(2408, '18', 'Created new policy #675 (BARR. INNOCENTO IGBOANUGO)', '2015-08-21 13:35:52'),
(2409, '20', 'Created new policy #676 (JUNE OSUJI)', '2015-08-21 13:46:40'),
(2410, '31', 'Created new policy #677 (WANKPA CHARLES)', '2015-08-21 13:59:39'),
(2411, '18', 'Created new policy #678 (INYAMA CHUKWUEMEKA)', '2015-08-21 14:07:01'),
(2412, '31', 'Created new policy #679 (OPARA  GODWIN)', '2015-08-21 14:10:52'),
(2413, '18', 'Created new policy #680 (EVANG. & MRS C. B. NWAIWU)', '2015-08-21 14:11:00'),
(2414, '18', 'Created new policy #681 (SYLVANUS NDULUE)', '2015-08-21 14:14:25'),
(2415, '19', 'Created new policy #682 (DR. OBANNY ADOLPHUS)', '2015-08-21 14:25:04'),
(2416, '31', 'Created new policy #683 (OKIRO AMARACHI)', '2015-08-21 14:25:40'),
(2417, '31', 'Created new policy #684 (ANEKE ANTHONY)', '2015-08-21 14:33:39'),
(2418, '20', 'Created new policy #685 (HON . BARR.  UCHE)', '2015-08-21 14:39:19'),
(2419, '18', 'Created new policy #686 (KYRIAN NDUKA)', '2015-08-21 14:47:10'),
(2420, '18', 'Created new policy #687 (IKEAGWU THERESA)', '2015-08-21 14:50:11'),
(2421, '19', 'Created new policy #688 (LADY STELLA)', '2015-08-21 14:52:26'),
(2422, '21', 'Created new policy #689 (JAMES IKECHUKWU)', '2015-08-21 14:53:39'),
(2423, '20', 'Created new policy #690 (MR  NKWOCHA)', '2015-08-21 15:08:12'),
(2424, '18', 'Created new policy #691 (MRS. JULIUS-IROHA VICTORIA I.)', '2015-08-21 15:13:19'),
(2425, '17', 'Updated admin group #1 (Administrator Users)', '2015-08-22 08:50:22'),
(2426, '17', 'Updated admin details #2 (Okona Bright)', '2015-08-22 08:51:12'),
(2427, '18', 'Created new policy #692 (ONYENEBO EMMANUEL)', '2015-08-24 07:56:43'),
(2428, '18', 'Created new policy #693 ((AWM) OF SEVENTH DAY CHURCH)', '2015-08-24 08:00:33'),
(2429, '18', 'Created new policy #694 (REV. FR. MARTIN ANORUO)', '2015-08-24 08:02:20'),
(2430, '18', 'Created new policy #695 (SIR FOSTER DURU)', '2015-08-24 08:04:44'),
(2431, '37', 'Created new policy #696 ( JUDE JUSTINA)', '2015-08-24 08:20:26'),
(2432, '18', 'Created new policy #697 (ARC. I. A. C IFEANYI)', '2015-08-24 08:24:18'),
(2433, '18', 'Created new policy #698 (PRISCA EGO INYANGA)', '2015-08-24 08:34:50'),
(2434, '31', 'Created new policy #699 (OKOROEBUKA EMMANUEL)', '2015-08-24 08:40:03'),
(2435, '18', 'Created new policy #700 (PRINCE LEMMY AKAKEM)', '2015-08-24 09:03:47'),
(2436, '37', 'Created new policy #701 (EDUPUTA UGONWA)', '2015-08-24 09:18:27'),
(2437, '20', 'Created new policy #702 (MICHAEL IHUOCHA)', '2015-08-24 09:34:10'),
(2438, '20', 'Created new policy #703 (JOSEPH CHIBUIKEM)', '2015-08-24 09:40:01'),
(2439, '18', 'Created new policy #704 (MR. MARTIN UCHE)', '2015-08-24 09:45:08'),
(2440, '18', 'Created new policy #705 (HON. OKECHUKWU DIKE)', '2015-08-24 09:49:45'),
(2441, '18', 'Created new policy #706 (EDOKPOLOR UYIOSA)', '2015-08-24 09:52:36'),
(2442, '20', 'Created new policy #707 (NKIRU IROABUCHI)', '2015-08-24 09:56:32'),
(2443, '18', 'Created new policy #708 (DR. STANLEY EMEGWARA)', '2015-08-24 09:58:55'),
(2444, '20', 'Created new policy #709 (PROF N.N.O)', '2015-08-24 10:02:28'),
(2445, '23', 'Created new policy #710 (MRS NNENNE .E. OKECHI)', '2015-08-24 10:14:36'),
(2446, '18', 'Created new policy #711 (REV. FR. PROSPER C. MADUIKE)', '2015-08-24 10:20:43'),
(2447, '20', 'Created new policy #712 (MR ANSLEM)', '2015-08-24 10:21:24'),
(2448, '18', 'Created new policy #713 (REVD. AGBO ANTHONY ONYEBUCHI)', '2015-08-24 10:25:50'),
(2449, '23', 'Created new policy #714 (EZE DAMIAN .C.)', '2015-08-24 10:29:09'),
(2450, '18', 'Created new policy #715 (OBINNA G. NWACHUKWU)', '2015-08-24 10:30:00'),
(2451, '37', 'Created new policy #716 (LINUS AMAJUOYI)', '2015-08-24 10:32:17'),
(2452, '23', 'Created new policy #717 (FOSTER UZOHO)', '2015-08-24 10:40:07'),
(2453, '18', 'Created new policy #718 (MRS. AMUKAMARA CHRISTIANA)', '2015-08-24 10:43:13'),
(2454, '20', 'Created new policy #719 (MARCELLENUS ESHIOGU)', '2015-08-24 10:48:16'),
(2455, '20', 'Created new policy #720 (HOLY FAMILY  IND. NIG)', '2015-08-24 10:51:46'),
(2456, '18', 'Created new policy #721 (CHRISTOPHER AHAMEFULA UCHEOBI)', '2015-08-24 10:59:50'),
(2457, '18', 'Created new policy #722 (MRS. IFEOMA CHUKWUEMEKA)', '2015-08-24 11:05:52'),
(2458, '18', 'Created new policy #723 (CHIEF JOSEPH NWOKE KSM)', '2015-08-24 11:09:20'),
(2459, '18', 'Created new policy #724 (ALFRED EMERENWA)', '2015-08-24 11:10:59'),
(2460, '18', 'Created new policy #725 (IJEOMA OKEREKE)', '2015-08-24 11:17:38'),
(2461, '20', 'Created new policy #726 (BARR OSUJI)', '2015-08-24 11:23:01'),
(2462, '18', 'Created new policy #727 (CHIEF OKECHUKWU UDEAGU)', '2015-08-24 11:33:07'),
(2463, '18', 'Created new policy #728 (CHIEF ALBAN B. OHIRI (KSM))', '2015-08-24 11:34:24'),
(2464, '23', 'Created new policy #729 (MR TIMOTHY ANYAEGBUSI)', '2015-08-24 11:36:13'),
(2465, '23', 'Created new policy #730 (IFEANYI MGBOROGWU)', '2015-08-24 11:41:45'),
(2466, '18', 'Created new policy #731 (NWAWUEZE WESLEY EMEKA)', '2015-08-24 12:02:20'),
(2467, '18', 'Created new policy #732 (ARARAUME DESTINY FOUNDATION)', '2015-08-24 12:06:54'),
(2468, '18', 'Created new policy #733 (MR. HAMILTON IHEME)', '2015-08-24 12:22:10'),
(2469, '37', 'Updated Login information', '2015-08-24 12:23:50'),
(2470, '19', 'Created new policy #734 (CHUKWUNYERE CHIJIOKE)', '2015-08-24 12:37:36'),
(2471, '18', 'Created new policy #735 (PROF. CHIDI E. AKUJOR)', '2015-08-24 12:38:28'),
(2472, '20', 'Created new policy #736 (IBE IJEOMAH)', '2015-08-24 12:42:07'),
(2473, '21', 'Created new policy #737 (NDURUE CHRISTOPHER)', '2015-08-24 12:46:37'),
(2474, '21', 'Created new policy #738 (ENGR. EMMANUEL E.)', '2015-08-24 12:52:52'),
(2475, '20', 'Created new policy #739 (MRS JULIET)', '2015-08-24 12:52:56'),
(2476, '19', 'Created new policy #740 (JEFFTA OSONDU)', '2015-08-24 12:53:52'),
(2477, '18', 'Created new policy #741 (ANYANWU PLACID IKECHUKWU)', '2015-08-24 13:00:06'),
(2478, '23', 'Created new policy #742 (NMEZI FLORENCE)', '2015-08-24 13:06:43'),
(2479, '23', 'Created new policy #743 (ENGR. DR. KAMALU)', '2015-08-24 13:15:23'),
(2480, '18', 'Created new policy #744 (LADY JULIET NWOZIRI)', '2015-08-24 13:25:42'),
(2481, '18', 'Created new policy #745 (HON. OHALETE UZOAMAKA FESTUS)', '2015-08-24 13:40:59'),
(2482, '23', 'Created new policy #746 (UZOR MICHEAL)', '2015-08-24 13:44:47'),
(2483, '31', 'Created new policy #747 (OJO WILLIAMS)', '2015-08-24 13:45:41'),
(2484, '23', 'Created new policy #748 (FRANK EKANEM)', '2015-08-24 13:52:32'),
(2485, '21', 'Created new policy #749 (MR. ANYANWU KINGSLEY)', '2015-08-24 13:56:54'),
(2486, '18', 'Created new policy #750 (AZUIKE  AFAM I.)', '2015-08-24 14:01:48'),
(2487, '23', 'Created new policy #751 (UMUNNAKWE KATE)', '2015-08-24 14:02:03'),
(2488, '20', 'Created new policy #752 (MRS OSUJI AUGUSTINA)', '2015-08-24 14:03:13'),
(2489, '18', 'Created new policy #753 (B.N. OGUNNA)', '2015-08-24 14:09:20'),
(2490, '21', 'Created new policy #754 (OGWUADI HENRY)', '2015-08-24 14:19:55'),
(2491, '23', 'Created new policy #755 (ENGR. DR. KAMALU)', '2015-08-24 14:32:06'),
(2492, '21', 'Created new policy #756 (MR.  GAD)', '2015-08-24 14:35:26'),
(2493, '23', 'Created new policy #757 (MR NWAWUDU BEKUOCHI)', '2015-08-24 14:42:53'),
(2494, '31', 'Created new policy #758 (NWANKWO HOPE)', '2015-08-24 14:46:45'),
(2495, '19', 'Created new policy #759 (EGWUATU DOZIE)', '2015-08-24 15:02:46'),
(2496, '20', 'Created new policy #760 (BARR CHRISTIAN CHIBUEZE)', '2015-08-24 15:06:03'),
(2497, '21', 'Created new policy #761 (DR. CHIEDOZIE EGECHE)', '2015-08-24 15:07:45'),
(2498, '31', 'Created new policy #762 (OGBUEBILE JOHN)', '2015-08-24 15:08:14'),
(2499, '31', 'Created new policy #763 (NWEKE  CHIOMA)', '2015-08-24 15:15:01'),
(2500, '21', 'Created new policy #764 (OLIVER OKEOMA)', '2015-08-24 15:28:41'),
(2501, '31', 'Created new policy #765 (NNANNA CHARLES)', '2015-08-24 15:34:07'),
(2502, '21', 'Created new policy #766 (DANIEL AMUGO)', '2015-08-24 15:42:35'),
(2503, '17', 'Created new policy #767 (MR. ONYEWUCHI JOHN)', '2015-08-24 16:09:37'),
(2504, '31', 'Created new policy #768 (OKEDU IFEANYI)', '2015-08-24 19:11:16'),
(2505, '31', 'Created new policy #769 (NGEREM INTEGRATED)', '2015-08-24 19:35:59'),
(2506, '31', 'Created new policy #770 (UDOIDUNG UDEME)', '2015-08-24 19:46:03'),
(2507, '31', 'Created new policy #771 (BALA ALIYU)', '2015-08-24 19:54:20'),
(2508, '31', 'Created new policy #772 (ASHEIEGBU CHIJIOKE)', '2015-08-25 05:58:27'),
(2509, '31', 'Created new policy #773 (UDOFIA BRUNO)', '2015-08-25 06:04:10'),
(2510, '31', 'Created new policy #774 (OKECHUKWU INNOCENT)', '2015-08-25 06:16:07'),
(2511, '31', 'Created new policy #775 (AGBAGWA VICTOR)', '2015-08-25 06:20:30'),
(2512, '31', 'Created new policy #776 (IKEADIGH AMARACHI)', '2015-08-25 06:26:44'),
(2513, '21', 'Created new policy #777 (GODWIN AWURUM)', '2015-08-25 06:58:15'),
(2514, '21', 'Created new policy #778 (PRINCE A.)', '2015-08-25 07:02:04'),
(2515, '18', 'Created new policy #779 (CHIEF JULIUS DURU)', '2015-08-25 08:16:04'),
(2516, '18', 'Created new policy #780 (MR NNODIM CHIDI)', '2015-08-25 08:18:11'),
(2517, '18', 'Created new policy #781 (UNIGWE  ERNEST U.)', '2015-08-25 08:37:25'),
(2518, '23', 'Created new policy #782 (REV. CHIKA ONYEKACHI)', '2015-08-25 08:50:32'),
(2519, '23', 'Created new policy #783 (REV. BENSON OGBUNZOR)', '2015-08-25 08:56:07'),
(2520, '23', 'Created new policy #784 (CHIMERE ARINZE OBODO)', '2015-08-25 09:05:19'),
(2521, '23', 'Created new policy #785 (PARTRICK AHAMEFULA)', '2015-08-25 09:19:47'),
(2522, '18', 'Created new policy #786 (MR. EZENWA LAMBERT)', '2015-08-25 09:23:45'),
(2523, '18', 'Created new policy #787 (REV. EJINGIM CLEMENT KELECHI)', '2015-08-25 09:28:28'),
(2524, '23', 'Created new policy #788 (NWUKE  HENRY)', '2015-08-25 09:30:41'),
(2525, '19', 'Created new policy #789 (NWADIARU HENRY)', '2015-08-25 09:34:04'),
(2526, '18', 'Created new policy #790 (OSUJI STANLEY CHINONYE)', '2015-08-25 09:42:55'),
(2527, '21', 'Created new policy #791 (ENGR IKENNA )', '2015-08-25 10:33:23'),
(2528, '18', 'Created new policy #792 (NZE UCHENNA ADIKE)', '2015-08-25 10:34:32'),
(2529, '18', 'Created new policy #793 (HENRY C. CHIKWE)', '2015-08-25 10:58:10'),
(2530, '19', 'Created new policy #794 (NNADI THERESA)', '2015-08-25 11:00:35'),
(2531, '20', 'Created new policy #795 (MRS OGUOBI)', '2015-08-25 11:13:40'),
(2532, '18', 'Created new policy #796 (BARRISTER ISAAC C. OKOROAFOR)', '2015-08-25 11:14:25'),
(2533, '18', 'Created new policy #797 (MR EJIMOFOR BARNABAS)', '2015-08-25 11:15:56'),
(2534, '18', 'Created new policy #798 (OKAFOR SUNDAY)', '2015-08-25 11:17:39'),
(2535, '19', 'Created new policy #799 (AMAEFULE EMEKA)', '2015-08-25 11:18:23'),
(2536, '18', 'Created new policy #800 (PROF. P. U.  OKORIE)', '2015-08-25 11:19:23'),
(2537, '18', 'Created new policy #801 (PROF. P. U. OKORIE)', '2015-08-25 11:21:15'),
(2538, '31', 'Created new policy #802 (EBIZIE MARCUS)', '2015-08-25 11:23:47'),
(2539, '23', 'Created new policy #803 (EZEJI ONYEKACHI JOSHUA)', '2015-08-25 11:26:17'),
(2540, '31', 'Created new policy #804 (CHIBUZO HARMONY)', '2015-08-25 11:38:10'),
(2541, '31', 'Created new policy #805 (DOCTOR TONY)', '2015-08-25 11:47:18'),
(2542, '18', 'Created new policy #806 (MRS. MUOJEKPE OGECHI C.)', '2015-08-25 11:54:33'),
(2543, '19', 'Created new policy #807 (MR EZEUGO)', '2015-08-25 11:55:25'),
(2544, '31', 'Created new policy #808 (SISTER ANNA)', '2015-08-25 11:57:05'),
(2545, '18', 'Created new policy #809 (CHIEF OBIOHA W. OKEREKE)', '2015-08-25 12:05:02'),
(2546, '31', 'Created new policy #810 (EDEH DAVID)', '2015-08-25 12:05:04'),
(2547, '18', 'Created new policy #811 (MRS. GEORGINA O. OKEREKE)', '2015-08-25 12:15:49'),
(2548, '21', 'Created new policy #812 (REDEEMED CHRISTIAN)', '2015-08-25 12:18:53'),
(2549, '23', 'Created new policy #813 (OSSY CHRISTIAN AZOTANI)', '2015-08-25 12:22:47'),
(2550, '23', 'Created new policy #814 (MRS. EUNICE AZOTANI)', '2015-08-25 12:27:04'),
(2551, '21', 'Created new policy #815 (JONATHAN IGWE)', '2015-08-25 12:43:40'),
(2552, '31', 'Created new policy #816 (MRS GIWA)', '2015-08-25 12:44:20'),
(2553, '21', 'Created new policy #817 (CASMIR ONYEKACHI)', '2015-08-25 12:46:07'),
(2554, '21', 'Created new policy #818 (NELSON C.N.E.)', '2015-08-25 12:49:18'),
(2555, '23', 'Created new policy #819 (MRS BASILIA EWEOMA)', '2015-08-25 12:50:47'),
(2556, '19', 'Created new policy #820 (ATHANASIUS CHIMEZIRI)', '2015-08-25 12:54:24'),
(2557, '19', 'Created new policy #821 (REV. FR.  PLACID NDUBUISI)', '2015-08-25 12:56:52'),
(2558, '20', 'Created new policy #822 (PASTOR EDWARD)', '2015-08-25 12:58:22'),
(2559, '23', 'Created new policy #823 (ENGR. ANTHOY ALOZIE)', '2015-08-25 13:08:32'),
(2560, '21', 'Created new policy #824 (REV. FR. ONUOHA)', '2015-08-25 13:15:04'),
(2561, '18', 'Created new policy #825 (ARCHITECT ARINZE SAMUEL)', '2015-08-25 13:22:15'),
(2562, '18', 'Created new policy #826 (OBINNA TOCHUKWU OKERE)', '2015-08-25 13:24:04'),
(2563, '20', 'Created new policy #827 (EZINNA ANTHONY .I .C)', '2015-08-25 13:27:59'),
(2564, '21', 'Created new policy #828 (BOSCO O.)', '2015-08-25 13:31:15'),
(2565, '23', 'Created new policy #829 (NWADIGO IKECHUKWU)', '2015-08-25 13:42:14'),
(2566, '23', 'Created new policy #830 (NWADIGO IKECHUKWU)', '2015-08-25 13:44:34'),
(2567, '23', 'Created new policy #831 (DR. J.B OKOLIE)', '2015-08-25 14:01:31'),
(2568, '17', 'Created new policy #832 (OSAYOMWANBOR SAM)', '2015-08-25 14:02:21'),
(2569, '18', 'Created new policy #833 (ISOA SIMON OBEAHON)', '2015-08-26 07:50:58'),
(2570, '18', 'Created new policy #834 (CHIEF EMMANUEL AZIKE)', '2015-08-26 08:11:21'),
(2571, '18', 'Created new policy #835 (HYTEL PHONES & TECHNOLOGIES)', '2015-08-26 08:14:16'),
(2572, '20', 'Created new policy #836 (DR AMAECHI .O)', '2015-08-26 08:18:04'),
(2573, '20', 'Created new policy #837 (SUNDAY NWAKAM)', '2015-08-26 08:22:05'),
(2574, '20', 'Created new policy #838 (CHIEF NWACHEBE)', '2015-08-26 08:26:18'),
(2575, '20', 'Created new policy #839 (DIAMOND BANK)', '2015-08-26 08:30:55'),
(2576, '23', 'Created new policy #840 (EKWEM DONALD)', '2015-08-26 08:34:05'),
(2577, '20', 'Created new policy #841 (ZEBULUN  ONYEKWERE)', '2015-08-26 09:21:14'),
(2578, '18', 'Created new policy #842 (PROF. (DR.) UFOT U. OKON)', '2015-08-26 09:22:45'),
(2579, '23', 'Created new policy #843 (CYPRIAN AMADI)', '2015-08-26 09:34:07'),
(2580, '20', 'Created new policy #844 (AWAZIEAMA NZENWA)', '2015-08-26 09:34:54'),
(2581, '21', 'Created new policy #845 (ONUOHA VICTORIA)', '2015-08-26 09:36:28'),
(2582, '18', 'Updated Login information', '2015-08-26 09:39:54'),
(2583, '23', 'Created new policy #846 (ENGR. OBISIKE AMADI)', '2015-08-26 09:44:20'),
(2584, '19', 'Created new policy #847 (OHAERI CHARLES)', '2015-08-26 10:57:11'),
(2585, '18', 'Created new policy #848 (AHUCHAOGU C. EMEKA)', '2015-08-26 11:08:49'),
(2586, '18', 'Created new policy #849 (MATHEW  OGU)', '2015-08-26 11:21:44'),
(2587, '20', 'Created new policy #850 (MR NWABUEZE PAUL)', '2015-08-26 11:25:09'),
(2588, '18', 'Created new policy #851 (CHIBUZOR OBIANWA)', '2015-08-26 11:26:41'),
(2589, '18', 'Created new policy #852 (MR.  JEROME NJOKU)', '2015-08-26 11:43:48'),
(2590, '19', 'Created new policy #853 (chidiebere Amamchukwu)', '2015-08-26 11:52:37');
INSERT INTO `activitylogs` (`id`, `admin_id`, `action`, `thedate`) VALUES
(2591, '19', 'Created new policy #854 (IRECHUKWU .U.)', '2015-08-26 12:20:52'),
(2592, '23', 'Created new policy #855 (EVANG. STANLEY .O. SUNDAY)', '2015-08-26 12:24:41'),
(2593, '19', 'Created new policy #856 (AJAH CELESTINE)', '2015-08-26 12:24:48'),
(2594, '20', 'Created new policy #857 (CHIEF IRECHUKWU RAYMOND)', '2015-08-26 12:24:52'),
(2595, '18', 'Created new policy #858 (PRINCESS (MRS) TINA A.  ANYANJOR)', '2015-08-26 12:31:28'),
(2596, '21', 'Created new policy #859 (BENARDETTE N.)', '2015-08-26 13:01:56'),
(2597, '23', 'Created new policy #860 (IJEMAH .I. OBI SPEEDWELL)', '2015-08-26 13:32:04'),
(2598, '23', 'Created new policy #861 (SPEEDWELL IJOMAH)', '2015-08-26 13:38:00'),
(2599, '18', 'Created new policy #862 (MR. & MRS. MOORE ALILONU)', '2015-08-26 13:43:52'),
(2600, '18', 'Created new policy #863 (ENGR. PETER AMADI)', '2015-08-26 14:03:02'),
(2601, '20', 'Created new policy #864 (COLLINS CHUKWUMA)', '2015-08-26 14:10:55'),
(2602, '21', 'Created new policy #865 (REV. & MRS BEN)', '2015-08-26 14:21:22'),
(2603, '18', 'Created new policy #866 (IHEANACHO OKOROAFOR)', '2015-08-26 14:32:21'),
(2604, '21', 'Created new policy #867 (ONUOHA LEONARD)', '2015-08-26 14:33:19'),
(2605, '19', 'Created new policy #868 (AGBUGBA  JERRY)', '2015-08-26 14:42:23'),
(2606, '23', 'Created new policy #869 (MR. IGBOABUCHI GERALD)', '2015-08-26 14:47:39'),
(2607, '23', 'Created new policy #870 (MR UMEH OBINNA)', '2015-08-26 15:02:45'),
(2608, '21', 'Created new policy #871 (MR. & MRS. SAM .A.)', '2015-08-26 15:22:46'),
(2609, '20', 'Created new policy #872 (ANGUS NNEJI)', '2015-08-26 15:34:53'),
(2610, '20', 'Created new policy #873 (AMO BYNG NIG .)', '2015-08-27 07:22:31'),
(2611, '21', 'Created new policy #874 (IKENNA SAMUEL)', '2015-08-27 07:57:13'),
(2612, '18', 'Created new policy #875 (CHIEF KINGSLEY UFERE)', '2015-08-27 08:04:41'),
(2613, '18', 'Created new policy #876 (CHIEF KINGSLEY UFERE KINGSLEY)', '2015-08-27 08:07:06'),
(2614, '18', 'Created new policy #877 (CHIEF KINGSLEY UFERE)', '2015-08-27 08:09:39'),
(2615, '18', 'Created new policy #878 (DR. VICTOR IKECHUKWU NDUBUBA)', '2015-08-27 08:11:37'),
(2616, '18', 'Created new policy #879 (MRS. KATE O. NDUBUBA)', '2015-08-27 08:13:14'),
(2617, '18', 'Created new policy #880 (MR. JUDE  EGEONU)', '2015-08-27 08:35:46'),
(2618, '18', 'Created new policy #881 (MR. ANSLEM ORJIAKO)', '2015-08-27 08:37:32'),
(2619, '18', 'Created new policy #882 (ONUCHUKWU LUCY CHIMEZIE (PHARM.))', '2015-08-27 08:51:06'),
(2620, '18', 'Created new policy #883 (CHIEF SIR EUGENE NGEREM)', '2015-08-27 08:52:45'),
(2621, '18', 'Created new policy #884 (ODOR I. EMMANUEL)', '2015-08-27 09:01:45'),
(2622, '23', 'Created new policy #885 (MRS JOY NNENNA .A.)', '2015-08-27 09:17:04'),
(2623, '18', 'Created new policy #886 (DR. UCHENNA NWACHUKWU)', '2015-08-27 09:17:12'),
(2624, '18', 'Created new policy #887 (CONGREGATION OF THE HANDMAID OF THE HOLY CHILD)', '2015-08-27 09:19:54'),
(2625, '23', 'Created new policy #888 (ANYANWU .L. UDO)', '2015-08-27 09:26:10'),
(2626, '20', 'Created new policy #889 (BARR.(NZE) JUDE . I.)', '2015-08-27 09:41:39'),
(2627, '23', 'Created new policy #890 (ENGR. L. UDO ANYANWU)', '2015-08-27 09:42:31'),
(2628, '18', 'Created new policy #891 (NNANNA UGWU-ONUOHA)', '2015-08-27 10:07:40'),
(2629, '20', 'Created new policy #892 (MR  COLLINS)', '2015-08-27 10:19:01'),
(2630, '19', 'Created new policy #893 (IBIAM NNANNA  HENRY)', '2015-08-27 10:52:38'),
(2631, '18', 'Created new policy #894 (DR. NJOKU CHUKWUEMEKA EMMANUEL)', '2015-08-27 11:02:02'),
(2632, '18', 'Created new policy #895 (CHIEF JAPHET OPARAJIAKU)', '2015-08-27 11:14:53'),
(2633, '21', 'Created new policy #896 (CASMIR C.)', '2015-08-27 11:17:57'),
(2634, '23', 'Created new policy #897 (ELDER MICHAEL OKWUONU)', '2015-08-27 11:18:00'),
(2635, '18', 'Created new policy #898 (REV FR. HENRY)', '2015-08-27 11:22:59'),
(2636, '21', 'Created new policy #899 (SIR. ALPHONSUS O.)', '2015-08-27 11:34:32'),
(2637, '18', 'Created new policy #900 (MRS ULONMA ONYEKURU)', '2015-08-27 11:39:06'),
(2638, '23', 'Created new policy #901 (EDDY OHALETE)', '2015-08-27 11:55:56'),
(2639, '18', 'Created new policy #902 (NWAOGU PAULINUS)', '2015-08-27 11:59:45'),
(2640, '21', 'Created new policy #903 (DR. M.O.)', '2015-08-27 12:02:38'),
(2641, '21', 'Created new policy #904 (DANNIS SETH)', '2015-08-27 12:12:14'),
(2642, '23', 'Created new policy #905 (LADY THERESA .A. AHARANWA)', '2015-08-27 12:32:11'),
(2643, '18', 'Created new policy #906 (OBINNA NWADIKE)', '2015-08-27 12:41:36'),
(2644, '18', 'Created new policy #907 (KINGSLEY O. OKERE (VEN))', '2015-08-27 12:43:42'),
(2645, '18', 'Created new policy #908 (ANSELAM C. NWAUZOR)', '2015-08-27 12:45:19'),
(2646, '23', 'Created new policy #909 (MRS ROSEBUD NNOROM)', '2015-08-27 12:57:49'),
(2647, '19', 'Created new policy #910 (AWOH LEVI)', '2015-08-27 13:11:15'),
(2648, '23', 'Created new policy #911 (JOSIE NDIMKAOHA)', '2015-08-27 13:13:09'),
(2649, '18', 'Created new policy #912 (CHIEF LINUS INYEKWE)', '2015-08-27 13:19:36'),
(2650, '18', 'Created new policy #913 (OKORAFOR  CHIDI)', '2015-08-27 13:20:58'),
(2651, '23', 'Created new policy #914 (LESLIE NJEMANZE)', '2015-08-27 13:28:03'),
(2652, '19', 'Created new policy #915 (EZEBUIKE GODWIM)', '2015-08-27 13:30:48'),
(2653, '20', 'Created new policy #916 (EZEBUIKE PAULINE)', '2015-08-27 13:30:52'),
(2654, '19', 'Created new policy #917 (EZEBUIKE GODWIN)', '2015-08-27 13:32:43'),
(2655, '18', 'Created new policy #918 (IHERUO ROBERT UGO)', '2015-08-27 13:46:49'),
(2656, '23', 'Created new policy #919 (MR ANUKAM R. CHUKWUNONYE)', '2015-08-27 13:47:10'),
(2657, '18', 'Created new policy #920 (UKAEGBU ELVIS OKECHUKWU)', '2015-08-27 14:14:19'),
(2658, '18', 'Created new policy #921 (SMART NNAYEREUGO  ANOSIKE)', '2015-08-27 14:43:44'),
(2659, '18', 'Created new policy #922 (ONUKWUGHA CHARLES)', '2015-08-27 14:45:57'),
(2660, '19', 'Created new policy #923 (MR OKEHIE UCHECHI)', '2015-08-27 15:06:41'),
(2661, '21', 'Created new policy #924 (OKORO THOMAS)', '2015-08-27 15:52:57'),
(2662, '18', 'Created new policy #925 (MR. IFEANYI NJOKU)', '2015-08-28 08:01:16'),
(2663, '18', 'Created new policy #926 (CHIDUME KINGSLEY OLUCHUKWU)', '2015-08-28 08:05:13'),
(2664, '21', 'Created new policy #927 (MRS. EBERE EAZY)', '2015-08-28 08:14:20'),
(2665, '18', 'Created new policy #928 (DR. IFEYINWA OKOYE)', '2015-08-28 08:15:09'),
(2666, '18', 'Created new policy #929 (BARR. JOHN & OBIANUJU ASOLUKA)', '2015-08-28 08:29:56'),
(2667, '21', 'Created new policy #930 (AGOHA EMMANUEL)', '2015-08-28 08:36:31'),
(2668, '18', 'Created new policy #931 (ANOZIE OGECHI)', '2015-08-28 09:21:55'),
(2669, '18', 'Created new policy #932 (JOSEPH NWANKWO)', '2015-08-28 09:30:29'),
(2670, '18', 'Created new policy #933 (HASSAN  ISSA)', '2015-08-28 09:32:12'),
(2671, '18', 'Created new policy #934 (UZOHO ODINAKA FRANCIS)', '2015-08-28 09:34:55'),
(2672, '21', 'Created new policy #935 (MR. ASHINZE DANIEL)', '2015-08-28 09:49:43'),
(2673, '18', 'Created new policy #936 (AMADI ABEL UKACHI (BISHOP))', '2015-08-28 10:03:47'),
(2674, '20', 'Created new policy #937 (MRS   IHEDIOHA JOSEPHINE)', '2015-08-28 10:04:22'),
(2675, '18', 'Created new policy #938 (FAVOUR EMMA NWOSU)', '2015-08-28 10:11:13'),
(2676, '21', 'Created new policy #939 (MRS. AMADI THECLA)', '2015-08-28 10:11:51'),
(2677, '23', 'Created new policy #940 (GODSON ONUMAJURU)', '2015-08-28 10:15:46'),
(2678, '18', 'Created new policy #941 (POLY CARP NNAMDI)', '2015-08-28 10:26:08'),
(2679, '21', 'Created new policy #942 (MRS.  NNENNA)', '2015-08-28 10:29:59'),
(2680, '18', 'Created new policy #943 (NWAGBARA  CAJETHAN N.)', '2015-08-28 10:53:31'),
(2681, '18', 'Created new policy #944 (MRS. PHOEBE ELEWACHI ISIODU)', '2015-08-28 11:03:46'),
(2682, '23', 'Created new policy #945 (TRANS ROYAL COURRIER LTD)', '2015-08-28 11:06:16'),
(2683, '23', 'Created new policy #946 (TRANS  ROYAL COURRIER LTD)', '2015-08-28 11:11:52'),
(2684, '21', 'Created new policy #947 (MRS.  STELLA)', '2015-08-28 11:14:08'),
(2685, '23', 'Created new policy #948 (OKPARA EMEKA)', '2015-08-28 11:16:44'),
(2686, '19', 'Created new policy #949 (IFEYINWA CHUKWUMA)', '2015-08-28 11:17:47'),
(2687, '20', 'Created new policy #950 ( MR   AGOHA OBED)', '2015-08-28 11:25:46'),
(2688, '18', 'Created new policy #951 (DR OSUAGWU OBIEFULE EMMANUEL)', '2015-08-28 11:28:08'),
(2689, '19', 'Created new policy #952 (AMAECHI CHINEDU)', '2015-08-28 11:42:01'),
(2690, '18', 'Created new policy #953 (MR. OPARA IFEANYI)', '2015-08-28 11:58:25'),
(2691, '18', 'Created new policy #954 (MR. NWOHA CHIDIEBERE JUSTIN)', '2015-08-28 12:03:13'),
(2692, '23', 'Created new policy #955 (SOSAN OLUPERO)', '2015-08-28 12:31:45'),
(2693, '23', 'Created new policy #956 (SAM UDEANI .E.)', '2015-08-28 12:35:48'),
(2694, '23', 'Created new policy #957 (ENGR. ONYEGIRIM N.K SWIFT)', '2015-08-28 12:41:24'),
(2695, '23', 'Created new policy #958 (CHRIST AUGUNUS)', '2015-08-28 12:46:14'),
(2696, '23', 'Created new policy #959 (MR CHRYSOGONUS NNAJIOLE)', '2015-08-28 12:50:24'),
(2697, '18', 'Created new policy #960 (PASTOR UCHE OSISIKE)', '2015-08-28 12:53:12'),
(2698, '31', 'Created new policy #961 (ONUOHA EUGENE)', '2015-08-28 12:53:42'),
(2699, '23', 'Created new policy #962 (IKEMBA ONWUDIWE)', '2015-08-28 12:54:51'),
(2700, '23', 'Created new policy #963 (NWAKWUE NNAMDI)', '2015-08-28 12:59:11'),
(2701, '18', 'Created new policy #964 (MR. TOCHUKWU OFOEGBU)', '2015-08-28 13:00:20'),
(2702, '23', 'Created new policy #965 (AUSTIN CHIGOZIE)', '2015-08-28 13:03:01'),
(2703, '31', 'Created new policy #966 (ONWUCHEKWA NDUBUISI)', '2015-08-28 13:05:57'),
(2704, '31', 'Created new policy #967 (IKECHUKWU UWAEGBU)', '2015-08-28 13:11:29'),
(2705, '18', 'Created new policy #968 (ACHUKO IJEOMA)', '2015-08-28 13:28:03'),
(2706, '20', 'Created new policy #969 (DAN INGBIAN)', '2015-08-28 13:29:05'),
(2707, '20', 'Created new policy #970 (CHINYEAKA PETER)', '2015-08-28 13:36:26'),
(2708, '21', 'Created new policy #971 (DR. LAMBERT CHETACHI)', '2015-08-28 13:38:12'),
(2709, '18', 'Created new policy #972 (MR. LAMBERT NNODI)', '2015-08-28 13:49:41'),
(2710, '18', 'Created new policy #973 (ONUZO JOSEPHINE NONYE)', '2015-08-28 13:52:24'),
(2711, '23', 'Created new policy #974 (FIDELIS EHIRIM)', '2015-08-28 13:55:19'),
(2712, '23', 'Created new policy #975 (EHIRIM CLEMENT)', '2015-08-28 13:59:11'),
(2713, '18', 'Created new policy #976 (EHIRIM SAMUEL OKECHUKWU)', '2015-08-28 14:09:16'),
(2714, '19', 'Created new policy #977 (CHIEF EKPUNOBI CHIMA)', '2015-08-28 14:18:07'),
(2715, '23', 'Updated Login information', '2015-08-28 14:21:55'),
(2716, '18', 'Created new policy #978 (MARCELLINUS &  BROTHERS ELITE LTD)', '2015-08-28 14:33:26'),
(2717, '20', 'Created new policy #979 (HIS WORSHIP DIKE .J.)', '2015-08-28 14:36:15'),
(2718, '18', 'Created new policy #980 (SMART NNANYEREUGO ANOSIKE)', '2015-08-28 14:44:14'),
(2719, '19', 'Created new policy #981 (EMEREONYE THEODORE)', '2015-08-28 14:59:28'),
(2720, '18', 'Created new policy #982 (REV. FR. BENJAMIN OBINNA OKERE)', '2015-08-28 15:19:55'),
(2721, '18', 'Created new policy #983 (EGBUSINWA SEBASTINE)', '2015-08-28 15:26:38'),
(2722, '18', 'Created new policy #984 (PASTOR CHUKWUMA O. AKA)', '2015-08-28 15:28:17'),
(2723, '19', 'Created new policy #985 (MR EMEH NNAMDI)', '2015-08-28 15:31:23'),
(2724, '19', 'Created new policy #986 (MR EMMANUEL)', '2015-08-31 07:42:15'),
(2725, '19', 'Created new policy #987 (CHIEF SIR JOHNSON)', '2015-08-31 07:47:55'),
(2726, '19', 'Created new policy #988 (DEACON CHIDI)', '2015-08-31 07:53:41'),
(2727, '19', 'Created new policy #989 (ANYAMELE CHINONSO)', '2015-08-31 07:57:24'),
(2728, '20', 'Created new policy #990 (MR REGINALD)', '2015-08-31 08:12:17'),
(2729, '20', 'Created new policy #991 (DOROTHY  C. OGWUEGBU)', '2015-08-31 08:38:09'),
(2730, '20', 'Created new policy #992 (CHIEF BLESSING EZEBUIRO)', '2015-08-31 08:42:23'),
(2731, '20', 'Created new policy #993 (RACHEL IJEOMA)', '2015-08-31 08:47:08'),
(2732, '21', 'Created new policy #994 (MR. OBINNA NWIZUGBO)', '2015-08-31 08:54:31'),
(2733, '20', 'Created new policy #995 (DIKE BASIL)', '2015-08-31 08:57:51'),
(2734, '18', 'Created new policy #996 (IKEANANAM FRANCIS FRED)', '2015-08-31 09:05:24'),
(2735, '18', 'Created new policy #997 (DR. A. E. CHUKWULEBE)', '2015-08-31 09:07:15'),
(2736, '20', 'Created new policy #998 (OPARA  ANAYO)', '2015-08-31 09:20:22'),
(2737, '20', 'Created new policy #999 (NWADIARO JULIUS)', '2015-08-31 09:26:06'),
(2738, '18', 'Created new policy #1000 (DR. MRS. NGOZIKA CHIOMA ONUEGBU)', '2015-08-31 09:29:54'),
(2739, '18', 'Created new policy #1001 (KYRIAN OGBUJI)', '2015-08-31 09:33:30'),
(2740, '18', 'Created new policy #1002 (NZE CHIDI IHIM)', '2015-08-31 09:36:04'),
(2741, '18', 'Created new policy #1003 (NWACHUKWU CHUKWUMA)', '2015-08-31 09:38:35'),
(2742, '19', 'Created new policy #1004 (MR EMEKA)', '2015-08-31 09:39:40'),
(2743, '21', 'Created new policy #1005 (CHILAKA J.C.C)', '2015-08-31 09:43:05'),
(2744, '18', 'Created new policy #1006 (MRS. KALU-NWIWU JOY CHIDINMA)', '2015-08-31 09:46:58'),
(2745, '17', 'Updated admin details #37 (Unegbu Assumpta)', '2015-08-31 09:51:57'),
(2746, '17', 'Updated admin details #37 (Unegbu Assumpta)', '2015-08-31 09:56:52'),
(2747, '19', 'Created new policy #1007 (EGBOH CHIDIEBERE)', '2015-08-31 10:01:51'),
(2748, '19', 'Created new policy #1008 (MR GIDEON ONYENANKEYA)', '2015-08-31 10:05:05'),
(2749, '20', 'Created new policy #1009 (PST NYANGU SIMON)', '2015-08-31 10:08:20'),
(2750, '18', 'Created new policy #1010 (MRS. BLESSING OTUMBARI)', '2015-08-31 10:08:48'),
(2751, '20', 'Created new policy #1011 (MR ALEXANDER)', '2015-08-31 10:11:38'),
(2752, '18', 'Created new policy #1012 (LOLO ESTHER ANYANWU)', '2015-08-31 10:12:27'),
(2753, '21', 'Created new policy #1013 (ODUNZE EDIMBURGH)', '2015-08-31 10:25:44'),
(2754, '18', 'Created new policy #1014 (PASTOR LEONARD N. NNADI)', '2015-08-31 10:37:53'),
(2755, '20', 'Created new policy #1015 (NWABUDIKE INNOCENT ARINZE)', '2015-08-31 10:39:25'),
(2756, '18', 'Created new policy #1016 (ANTHONY CHUKWU M.)', '2015-08-31 10:45:30'),
(2757, '21', 'Created new policy #1017 (BARR. KELECHI  K. )', '2015-08-31 10:47:06'),
(2758, '18', 'Created new policy #1018 (MR. & MRS. EMMA  OCHU)', '2015-08-31 10:47:51'),
(2759, '18', 'Created new policy #1019 (MR. CHRISTOPHER O.  ANUO)', '2015-08-31 10:49:54'),
(2760, '19', 'Created new policy #1020 (CHUKWUEMEKA PAUL)', '2015-08-31 10:51:54'),
(2761, '19', 'Created new policy #1021 (OKORO AUSTIN)', '2015-08-31 10:55:29'),
(2762, '19', 'Created new policy #1022 (REV CANON CHUKWUOCHA)', '2015-08-31 11:03:26'),
(2763, '28', 'Created new policy #1023 (MORAH PETER)', '2015-08-31 11:06:35'),
(2764, '20', 'Created new policy #1024 (ENGR EMMA)', '2015-08-31 11:12:31'),
(2765, '28', 'Created new policy #1025 (CHIEF LUCKY)', '2015-08-31 11:15:28'),
(2766, '18', 'Created new policy #1026 (CHUKWUDI EGEMASI MR.)', '2015-08-31 11:19:27'),
(2767, '20', 'Created new policy #1027 (OGBONNA CHIDOZIE)', '2015-08-31 11:21:18'),
(2768, '18', 'Created new policy #1028 (MR ANTHONY AHAM AHAOTU)', '2015-08-31 11:22:17'),
(2769, '18', 'Created new policy #1029 (MICHAEL DIKE)', '2015-08-31 11:27:27'),
(2770, '28', 'Created new policy #1030 (AKPAKA IFEANYI)', '2015-08-31 11:32:21'),
(2771, '19', 'Created new policy #1031 (MACAFRAN FOOD)', '2015-08-31 11:33:10'),
(2772, '21', 'Created new policy #1032 (MR. STEPHEN O.)', '2015-08-31 11:37:06'),
(2773, '28', 'Created new policy #1033 (BARRISTER KALU)', '2015-08-31 11:39:06'),
(2774, '28', 'Created new policy #1034 (IKENNA FELIX)', '2015-08-31 11:46:54'),
(2775, '28', 'Created new policy #1035 (EKWUEME VICTOR)', '2015-08-31 11:53:29'),
(2776, '21', 'Created new policy #1036 (LOLO NGOZI J.)', '2015-08-31 12:06:39'),
(2777, '18', 'Created new policy #1037 (MRS. OBIANUJI NMEREGIN)', '2015-08-31 12:15:49'),
(2778, '20', 'Created new policy #1038 (ENGR DR ANYANWU)', '2015-08-31 12:22:14'),
(2779, '21', 'Created new policy #1039 (ODINAKA NWAGWU)', '2015-08-31 12:26:17'),
(2780, '18', 'Created new policy #1040 (A.C. P. MARTINS NGERE)', '2015-08-31 12:29:50'),
(2781, '23', 'Created new policy #1041 (AMB. KANU NWANKWO .C.)', '2015-08-31 12:30:23'),
(2782, '20', 'Created new policy #1042 (G.U KPADUWA & SONS)', '2015-08-31 12:37:17'),
(2783, '18', 'Created new policy #1043 (CHIEF GODWIN A. ECHE)', '2015-08-31 12:37:18'),
(2784, '20', 'Created new policy #1044 (MR  PAUL EMEKA)', '2015-08-31 12:40:26'),
(2785, '20', 'Created new policy #1045 (CHIEF CHUKWUDI IVOR  PRINCE)', '2015-08-31 12:44:05'),
(2786, '23', 'Created new policy #1046 (PROF. MRS  REBECCA)', '2015-08-31 12:51:46'),
(2787, '28', 'Created new policy #1047 (OPARA EMEKA)', '2015-08-31 12:56:47'),
(2788, '20', 'Created new policy #1048 (EZEKA CHIMEZIE)', '2015-08-31 12:57:45'),
(2789, '20', 'Created new policy #1049 (IKE  MICHEAL)', '2015-08-31 13:01:11'),
(2790, '20', 'Created new policy #1050 (MRS EZEOKONKWO GRACE)', '2015-08-31 13:03:47'),
(2791, '20', 'Created new policy #1051 (MR  LAWRENCE CHIMA)', '2015-08-31 13:06:05'),
(2792, '21', 'Created new policy #1052 (BENNETH OBINNA)', '2015-08-31 13:08:00'),
(2793, '28', 'Created new policy #1053 (ONYEMAOBI SAMUEL)', '2015-08-31 13:11:16'),
(2794, '23', 'Created new policy #1054 (MR&MRS VALENTINE ABUCHI)', '2015-08-31 13:11:58'),
(2795, '28', 'Created new policy #1055 (IBEREDEM ESSINE)', '2015-08-31 13:15:24'),
(2796, '23', 'Created new policy #1056 (MR THOMPSON OHAEGBULAM)', '2015-08-31 13:15:59'),
(2797, '23', 'Created new policy #1057 (DR CHUKWUMA DENNING)', '2015-08-31 13:20:08'),
(2798, '21', 'Created new policy #1058 (K C.)', '2015-08-31 13:23:56'),
(2799, '20', 'Created new policy #1059 (DR ODIARI  AMBY)', '2015-08-31 13:25:17'),
(2800, '20', 'Created new policy #1060 (DEACON    NDUBUISI)', '2015-08-31 13:28:48'),
(2801, '18', 'Created new policy #1061 (OFOEGBU KELECHI EUGENE)', '2015-08-31 13:30:42'),
(2802, '20', 'Created new policy #1062 (MR KENNETH K.)', '2015-08-31 13:32:55'),
(2803, '18', 'Created new policy #1063 (DONATUS ONUOHA EJIOGU)', '2015-08-31 13:36:05'),
(2804, '21', 'Created new policy #1064 (JOEL OGUIKE)', '2015-08-31 13:36:50'),
(2805, '20', 'Created new policy #1065 (MR&MRS  IKE)', '2015-08-31 13:38:33'),
(2806, '18', 'Created new policy #1066 (ALL PROGRESSIVE GRAND ALLIANCE)', '2015-08-31 13:40:04'),
(2807, '23', 'Created new policy #1067 (UZONDU P.C)', '2015-08-31 13:44:50'),
(2808, '18', 'Created new policy #1068 (MR UBOCHI FRANCIS I.)', '2015-08-31 13:45:12'),
(2809, '20', 'Created new policy #1069 (PROF OLIVER E.)', '2015-08-31 13:56:57'),
(2810, '23', 'Created new policy #1070 (BENJAMIN MBATAM)', '2015-08-31 14:06:57'),
(2811, '23', 'Created new policy #1071 (BENJAMIN MBATAM)', '2015-08-31 14:11:54'),
(2812, '20', 'Created new policy #1072 (OPARA KELECHI)', '2015-08-31 14:13:17'),
(2813, '28', 'Created new policy #1073 (MR BANABAS)', '2015-08-31 14:16:28'),
(2814, '23', 'Created new policy #1074 (BARR. CHIMA ANOZIE)', '2015-08-31 14:24:04'),
(2815, '28', 'Created new policy #1075 (MRS EVELYN)', '2015-08-31 14:24:38'),
(2816, '19', 'Created new policy #1076 (MRS NWADI JAGUNTA)', '2015-08-31 14:26:06'),
(2817, '28', 'Created new policy #1077 (MRS COMFORT)', '2015-08-31 14:43:30'),
(2818, '18', 'Created new policy #1078 (EMZOR PHARMACEUTICAL INDUSTRIES LIMITED)', '2015-08-31 14:48:26'),
(2819, '18', 'Created new policy #1079 (CHIEF D. C. OKORO)', '2015-08-31 14:53:48'),
(2820, '20', 'Created new policy #1080 (OGONNAYA LYNDA)', '2015-08-31 15:01:24'),
(2821, '20', 'Created new policy #1081 (NJOKU CHIDINDU)', '2015-08-31 15:05:21'),
(2822, '23', 'Created new policy #1082 (DR UMEZ ERONINI)', '2015-08-31 15:08:48'),
(2823, '18', 'Created new policy #1083 (MR. CHINEDU OGANACHI)', '2015-08-31 15:09:01'),
(2824, '19', 'Created new policy #1084 (OKENZE BERNARD G)', '2015-08-31 15:15:05'),
(2825, '28', 'Created new policy #1085 (MATHEW AJINEH)', '2015-08-31 15:21:40'),
(2826, '23', 'Created new policy #1086 (HRH DR. UMEZ ERONINI EMMANUEL)', '2015-08-31 15:23:31'),
(2827, '20', 'Created new policy #1087 (OHABUIKE NDUBUISI)', '2015-08-31 15:41:35'),
(2828, '17', 'Updated polidy holder #952 (TIMOTHY UZOMA)', '2015-08-31 15:43:16'),
(2829, '18', 'Created new policy #1088 (STELLA STANLEY GOGO-ABITE)', '2015-09-01 07:51:03'),
(2830, '18', 'Created new policy #1089 (MR. OKEKA BATHOLOME C.)', '2015-09-01 08:15:01'),
(2831, '20', 'Created new policy #1090 (EUGENE ANYAEHIE)', '2015-09-01 08:15:08'),
(2832, '20', 'Created new policy #1091 (EUGENE K.)', '2015-09-01 08:33:16'),
(2833, '20', 'Created new policy #1092 (SIR  VALENTINE)', '2015-09-01 08:40:31'),
(2834, '18', 'Created new policy #1093 (MR. & MRS. NJEMANZE BENJAMIN CHINEDU)', '2015-09-01 08:50:32'),
(2835, '20', 'Created new policy #1094 (MRS THERESA CHINYERE)', '2015-09-01 08:57:37'),
(2836, '21', 'Created new policy #1095 (MEZUE OKEY)', '2015-09-01 09:06:17'),
(2837, '18', 'Created new policy #1096 (MR. CHARLES OBICHERE)', '2015-09-01 09:18:17'),
(2838, '18', 'Created new policy #1097 (REV. S. C.  NNODIMI)', '2015-09-01 09:19:45'),
(2839, '23', 'Created new policy #1098 (DR DIDACUS  J. NJOKU)', '2015-09-01 09:40:16'),
(2840, '18', 'Created new policy #1099 (HIGH CHIEF JOSEPH O. NWAGWU)', '2015-09-01 09:49:10'),
(2841, '20', 'Created new policy #1100 (ONYEAGORO VICTOR)', '2015-09-01 09:51:58'),
(2842, '18', 'Created new policy #1101 (OPARA DABERECHI GODSLYNE)', '2015-09-01 09:54:43'),
(2843, '20', 'Created new policy #1102 (CHIOMA TONI)', '2015-09-01 10:07:58'),
(2844, '21', 'Created new policy #1103 (ALPHONSUS IBEH)', '2015-09-01 10:09:58'),
(2845, '18', 'Created new policy #1104 (OYEGBAMI OLAJIDE DELE)', '2015-09-01 10:14:12'),
(2846, '21', 'Created new policy #1105 (DR. PATRICK U.)', '2015-09-01 10:16:05'),
(2847, '19', 'Created new policy #1106 (DR. MRS NGOZI)', '2015-09-01 10:20:13'),
(2848, '18', 'Created new policy #1107 (PRINCE EZENNIA DENTON OGBUEHI)', '2015-09-01 10:22:45'),
(2849, '19', 'Created new policy #1108 (MR FRANCIS)', '2015-09-01 10:23:15'),
(2850, '23', 'Created new policy #1109 (NJIMA SAMUEL)', '2015-09-01 10:25:46'),
(2851, '28', 'Created new policy #1110 (CHRISTOPHER ONYEABOR)', '2015-09-01 10:25:49'),
(2852, '19', 'Created new policy #1111 (MAZI MICHAEL C IKEGWUOHA)', '2015-09-01 10:26:39'),
(2853, '18', 'Created new policy #1112 (LAETICIA N. OKERE)', '2015-09-01 10:31:50'),
(2854, '23', 'Created new policy #1113 (ANYAGWA J.C)', '2015-09-01 10:31:53'),
(2855, '20', 'Created new policy #1114 (AMACHUKWU NNAMDI)', '2015-09-01 10:32:25'),
(2856, '28', 'Created new policy #1115 (UMEZINNE  BEATRICE)', '2015-09-01 10:35:55'),
(2857, '20', 'Created new policy #1116 (SIR  MEZU CHIEDOZIE)', '2015-09-01 10:38:08'),
(2858, '23', 'Created new policy #1117 (REV FR. LEONARD LEMECHUKWU)', '2015-09-01 10:45:22'),
(2859, '23', 'Created new policy #1118 (DIVINE BEES DISTRIBUTION)', '2015-09-01 10:51:16'),
(2860, '21', 'Created new policy #1119 (NWOSU VIVIAN)', '2015-09-01 10:56:21'),
(2861, '18', 'Created new policy #1120 (LADY LAETITIA OKERE)', '2015-09-01 10:58:00'),
(2862, '18', 'Created new policy #1121 (MR DURU COSMAS O.)', '2015-09-01 11:00:04'),
(2863, '19', 'Created new policy #1122 (BISHOP M. C)', '2015-09-01 11:03:38'),
(2864, '28', 'Created new policy #1123 (IGBOANUDE MICHAEL)', '2015-09-01 11:03:50'),
(2865, '20', 'Created new policy #1124 (MR   FELIX)', '2015-09-01 11:09:26'),
(2866, '23', 'Created new policy #1125 (MRS CHINENYE CHRISTIANS .O.)', '2015-09-01 11:12:47'),
(2867, '20', 'Created new policy #1126 (BARR UZOMA)', '2015-09-01 11:25:53'),
(2868, '19', 'Created new policy #1127 (EZEIBE IFEYINWA)', '2015-09-01 11:26:54'),
(2869, '18', 'Created new policy #1128 (MRS OGRA  FIDELIA)', '2015-09-01 11:29:15'),
(2870, '18', 'Created new policy #1129 (ALHAJI UMORU IDRIS KOBOKO)', '2015-09-01 11:38:25'),
(2871, '20', 'Created new policy #1130 (PROF AKUJOR)', '2015-09-01 11:44:13'),
(2872, '19', 'Created new policy #1131 (NWAZUO CHRISTIAN)', '2015-09-01 11:46:29'),
(2873, '23', 'Created new policy #1132 (UMAR IBRAHIM)', '2015-09-01 11:52:01'),
(2874, '20', 'Created new policy #1133 (CAROLINE E.)', '2015-09-01 11:55:17'),
(2875, '19', 'Created new policy #1134 (GODWIN JAMES)', '2015-09-01 12:01:30'),
(2876, '20', 'Created new policy #1135 (NZENA OZO VALENTINE)', '2015-09-01 12:09:53'),
(2877, '20', 'Created new policy #1136 (ALOZIE SUNNY)', '2015-09-01 12:18:36'),
(2878, '21', 'Created new policy #1137 (EJIM OGADIMMA)', '2015-09-01 12:21:03'),
(2879, '20', 'Created new policy #1138 (EGBULONU FLORENCE)', '2015-09-01 12:25:13'),
(2880, '28', 'Created new policy #1139 (SIP IWUCHUKWU)', '2015-09-01 12:41:24'),
(2881, '18', 'Created new policy #1140 (CHIEF KINGSLEY UFERE)', '2015-09-01 12:46:52'),
(2882, '19', 'Created new policy #1141 (MR VITALIS)', '2015-09-01 12:47:30'),
(2883, '23', 'Created new policy #1142 (MR PHILIP AHUKAEMERE)', '2015-09-01 12:48:39'),
(2884, '19', 'Created new policy #1143 (EMMANUEL NWOKOCHA)', '2015-09-01 12:51:15'),
(2885, '19', 'Updated Login information', '2015-09-01 12:54:33'),
(2886, '19', 'Updated Login information', '2015-09-01 12:55:14'),
(2887, '18', 'Created new policy #1144 (BARR. EBO MADUFORO)', '2015-09-01 13:04:01'),
(2888, '18', 'Created new policy #1145 (BASICON ENG.  CO.  LTD.)', '2015-09-01 13:08:14'),
(2889, '18', 'Created new policy #1146 (DR. MRS. DIMSON JUSTINA NKECHI)', '2015-09-01 13:11:39'),
(2890, '18', 'Created new policy #1147 (CHIEF DR. CHARLES IHEJIRIKA)', '2015-09-01 13:23:14'),
(2891, '18', 'Created new policy #1148 (KEMAKOLAM EMMANUEL)', '2015-09-01 13:27:26'),
(2892, '28', 'Created new policy #1149 (MR JUDE)', '2015-09-01 13:28:57'),
(2893, '18', 'Created new policy #1150 (CHIEF MRS. VIRGINIA CHINYERE ANYANWU)', '2015-09-01 13:41:14'),
(2894, '23', 'Created new policy #1151 (EZE E.O ANYAKUDO)', '2015-09-01 13:45:06'),
(2895, '21', 'Created new policy #1152 (MRS. OLUCHI C.)', '2015-09-01 13:48:43'),
(2896, '23', 'Created new policy #1153 (DR IZUNNA NWABUEZE)', '2015-09-01 13:50:51'),
(2897, '18', 'Created new policy #1154 (NWABUEZE E. UZOMA)', '2015-09-01 13:53:49'),
(2898, '23', 'Created new policy #1155 (NWOGA ADAORA NWOYIBO)', '2015-09-01 13:59:56'),
(2899, '18', 'Created new policy #1156 (MR. ABAKAHA CHRISTOPHER O.)', '2015-09-01 14:01:19'),
(2900, '28', 'Created new policy #1157 (NWOKEOHA CORNELIUS)', '2015-09-01 14:02:52'),
(2901, '23', 'Created new policy #1158 (FRANCIS IFEANYI)', '2015-09-01 14:06:08'),
(2902, '23', 'Created new policy #1159 (IBE JOSEPH IBEAWUCHI)', '2015-09-01 14:11:50'),
(2903, '21', 'Created new policy #1160 (OZODINOBI BRIDGET)', '2015-09-01 14:14:48'),
(2904, '18', 'Created new policy #1161 (OSUJI  CHIBUIKEM E.)', '2015-09-01 14:16:57'),
(2905, '18', 'Created new policy #1162 (EDOZIE EGWUATU)', '2015-09-01 14:28:13'),
(2906, '20', 'Created new policy #1163 (DR CALLISTUS .N.)', '2015-09-01 14:33:35'),
(2907, '18', 'Created new policy #1164 (AJI VIRGINIA NGOZI)', '2015-09-01 14:33:45'),
(2908, '17', 'Update policy vehicle details #1159 (TOYOTA SIENNA PRIVATE)', '2015-09-01 14:44:23'),
(2909, '17', 'Updated admin group #1 (Sole Administrator)', '2015-09-01 14:45:49'),
(2910, '23', 'Created new policy #1165 (MR CHIMA IWUOHA)', '2015-09-01 14:48:30'),
(2911, '29', 'Update policy vehicle details #1159 (TOYOTA SIENNA PRIVATE)', '2015-09-01 14:58:17'),
(2912, '23', 'Created new policy #1166 (FELINNAM GLOBAL)', '2015-09-01 15:01:00'),
(2913, '21', 'Created new policy #1167 (HON  JASPER)', '2015-09-01 15:02:09'),
(2914, '28', 'Created new policy #1168 (MRS COMFORT)', '2015-09-01 15:02:17'),
(2915, '18', 'Created new policy #1169 (MRS. NKECHINYERE  J. EBIZIE)', '2015-09-01 15:02:58'),
(2916, '28', 'Created new policy #1170 (MRS CHIKODI)', '2015-09-01 15:07:07'),
(2917, '23', 'Created new policy #1171 (OWOAMANAM UCHE)', '2015-09-01 15:08:14'),
(2918, '28', 'Created new policy #1172 (IHUZUE HYCINTH)', '2015-09-01 15:11:21'),
(2919, '18', 'Created new policy #1173 (INNOCENT EKWEDASIKE)', '2015-09-01 15:57:11'),
(2920, '18', 'Created new policy #1174 (EZINNE IHEJIRIKA JOHN B. C.)', '2015-09-02 07:47:48'),
(2921, '26', 'Updated Login information', '2015-09-02 07:54:44'),
(2922, '18', 'Created new policy #1175 (LADY MABEL M. MGBEMENA)', '2015-09-02 08:01:02'),
(2923, '20', 'Created new policy #1176 (DR DOMINIC  G.C)', '2015-09-02 08:11:21'),
(2924, '28', 'Created new policy #1177 (AMAEFULA LAWRENCE)', '2015-09-02 08:23:14'),
(2925, '20', 'Created new policy #1178 (CHIEF JUSTIN)', '2015-09-02 08:33:17'),
(2926, '18', 'Created new policy #1179 (CHIEF AMBROSE IKECHI ONUOHA)', '2015-09-02 08:58:55'),
(2927, '23', 'Created new policy #1180 (MRS OLUWAYEMISI MARY .F.)', '2015-09-02 09:06:43'),
(2928, '20', 'Created new policy #1181 (GLORY KALU)', '2015-09-02 09:11:55'),
(2929, '20', 'Created new policy #1182 (PASCHALINE CHINAGOROM)', '2015-09-02 09:20:57'),
(2930, '23', 'Created new policy #1183 (EMMANUEL ONYEWUCHI)', '2015-09-02 09:27:45'),
(2931, '18', 'Created new policy #1184 (OGBONNA HYGINUS   EBERE)', '2015-09-02 09:43:10'),
(2932, '18', 'Created new policy #1185 (PASTOR SATI GREG)', '2015-09-02 09:44:47'),
(2933, '26', 'Created new policy #1186 (EMMA  AJAEGBU)', '2015-09-02 10:01:35'),
(2934, '20', 'Created new policy #1187 (MR CHIDI ACHOLONU)', '2015-09-02 10:05:56'),
(2935, '18', 'Created new policy #1188 (RICHARD OKEOMA DURU)', '2015-09-02 10:10:50'),
(2936, '23', 'Created new policy #1189 (ELEDO CHIMANKPA)', '2015-09-02 10:16:20'),
(2937, '18', 'Created new policy #1190 (CNL ENERGY NIGERIA LIMITED)', '2015-09-02 10:36:23'),
(2938, '28', 'Created new policy #1191 (EMMANUEL NKWEGU)', '2015-09-02 10:45:10'),
(2939, '20', 'Created new policy #1192 (PRINCE DR OBIOHA)', '2015-09-02 10:46:19'),
(2940, '18', 'Created new policy #1193 (DR. K. U.  ANUKAM)', '2015-09-02 10:47:36'),
(2941, '18', 'Created new policy #1194 (DR. BENJAMIN U.  AZUBUIKE)', '2015-09-02 10:51:13'),
(2942, '28', 'Created new policy #1195 (EMMANUEL ANGLICAN)', '2015-09-02 10:52:53'),
(2943, '20', 'Created new policy #1196 (OHANEIE CHIOMA)', '2015-09-02 10:58:19'),
(2944, '18', 'Created new policy #1197 (AMAECHI MATHIAS NWAEGBE)', '2015-09-02 11:00:50'),
(2945, '20', 'Created new policy #1198 (ENGR EMEAGI)', '2015-09-02 11:03:28'),
(2946, '21', 'Created new policy #1199 (MR. CHARLES OKECHUKWU)', '2015-09-02 11:04:34'),
(2947, '23', 'Created new policy #1200 (MR IKECHUKWU S. OSUJI)', '2015-09-02 11:11:54'),
(2948, '20', 'Created new policy #1201 (DR&DR( MRS) NWANKWO)', '2015-09-02 11:14:55'),
(2949, '18', 'Created new policy #1202 (AMAOBI OHABUILO)', '2015-09-02 11:20:44'),
(2950, '18', 'Created new policy #1203 (MR. GEORGE ONYEGBULA)', '2015-09-02 11:23:17'),
(2951, '20', 'Created new policy #1204 (MR JOSEPH)', '2015-09-02 11:24:45'),
(2952, '23', 'Created new policy #1205 (MR ANOPUE CALLISTUS .O.)', '2015-09-02 11:26:44'),
(2953, '18', 'Created new policy #1206 (EVANS  UZOKWE)', '2015-09-02 11:26:44'),
(2954, '20', 'Created new policy #1207 (MRS  NKECHI   .A)', '2015-09-02 11:28:49'),
(2955, '20', 'Created new policy #1208 (DANDY JOE)', '2015-09-02 11:39:19'),
(2956, '23', 'Created new policy #1209 (VICTOR NNADI)', '2015-09-02 11:47:12'),
(2957, '20', 'Created new policy #1210 (LADY  VERONICA OKWUCHI)', '2015-09-02 12:03:59'),
(2958, '28', 'Created new policy #1211 (MR EMEGHIEBO)', '2015-09-02 12:04:54'),
(2959, '21', 'Created new policy #1212 (NZE (ENGR) NATH)', '2015-09-02 12:17:31'),
(2960, '29', 'Created new policy #1213 (NWACHUKWU Gilead)', '2015-09-02 12:20:32'),
(2961, '20', 'Created new policy #1214 (ORJI VICTOR)', '2015-09-02 12:29:39'),
(2962, '23', 'Created new policy #1215 (NZE EDMUND E. UZOMA)', '2015-09-02 12:30:13'),
(2963, '18', 'Created new policy #1216 (OSLO POOLS COMPANY LIMITED)', '2015-09-02 12:39:47'),
(2964, '18', 'Created new policy #1217 (CHIEF (DR). GODFREY & LOLO HENRIETTA )', '2015-09-02 12:42:24'),
(2965, '23', 'Created new policy #1218 (OLIVER OKOROIGWE)', '2015-09-02 12:42:37'),
(2966, '20', 'Created new policy #1219 (UWAKWE EMMANUEL)', '2015-09-02 12:51:49'),
(2967, '18', 'Created new policy #1220 (MRS. ONWUMERE  FRANK GIFT O.)', '2015-09-02 12:52:17'),
(2968, '18', 'Created new policy #1221 (FRANK JUNIOR)', '2015-09-02 12:54:26'),
(2969, '28', 'Created new policy #1222 (CLARETIAN MISSIONARIES)', '2015-09-02 12:55:37'),
(2970, '23', 'Created new policy #1223 (ARC SAMMIE NWOKORO)', '2015-09-02 12:56:40'),
(2971, '18', 'Created new policy #1224 (PETER  OKOROANYANWU)', '2015-09-02 12:58:01'),
(2972, '23', 'Created new policy #1225 (HON EDWIN C. OLISAH)', '2015-09-02 13:06:06'),
(2973, '20', 'Created new policy #1226 (EGBUJOR AZUBUIKE)', '2015-09-02 13:10:32'),
(2974, '23', 'Created new policy #1227 (GODWIN OKEREKE)', '2015-09-02 13:12:34'),
(2975, '21', 'Created new policy #1228 (MR.  OGU)', '2015-09-02 13:13:14'),
(2976, '28', 'Created new policy #1229 (LOLO JULIANA)', '2015-09-02 13:16:38'),
(2977, '23', 'Created new policy #1230 (NZEAGWU NDUBUISI)', '2015-09-02 13:17:27'),
(2978, '21', 'Created new policy #1231 (OGU AUGUSTINE)', '2015-09-02 13:20:43'),
(2979, '23', 'Created new policy #1232 (MADUKWE OKECHUKWU)', '2015-09-02 13:30:23'),
(2980, '23', 'Created new policy #1233 (MOSES ONYEWUCHI)', '2015-09-02 13:37:12'),
(2981, '28', 'Created new policy #1234 (MR EZE)', '2015-09-02 13:38:29'),
(2982, '28', 'Created new policy #1235 (ABEL ABIDE)', '2015-09-02 13:47:13'),
(2983, '20', 'Created new policy #1236 (MR AKANU OTU)', '2015-09-02 13:54:23'),
(2984, '23', 'Created new policy #1237 (DE-KEN BROOK ENT)', '2015-09-02 14:08:34'),
(2985, '18', 'Created new policy #1238 (ISREAL OKECHUKWU NJEMANZE)', '2015-09-02 14:08:37'),
(2986, '20', 'Created new policy #1239 (MRS AZUOMA)', '2015-09-02 14:18:48'),
(2987, '21', 'Created new policy #1240 (MR UCHENNA)', '2015-09-02 14:20:07'),
(2988, '20', 'Created new policy #1241 (CHINOMSO IWUALA)', '2015-09-02 14:24:15'),
(2989, '20', 'Created new policy #1242 (ELDER EJIKEME)', '2015-09-02 14:31:08'),
(2990, '23', 'Created new policy #1243 (HON  MIKE)', '2015-09-02 14:32:21'),
(2991, '23', 'Created new policy #1244 (MRS MMA MIKE)', '2015-09-02 14:36:33'),
(2992, '28', 'Created new policy #1245 (MOHAMMED HUSSENI)', '2015-09-02 14:52:30'),
(2993, '18', 'Created new policy #1246 (FELIX  NGERE)', '2015-09-02 15:47:51'),
(2994, '18', 'Created new policy #1247 (MR. ANYANWU JOHN)', '2015-09-02 15:52:27'),
(2995, '18', 'Created new policy #1248 (PASTOR CHRISTIAN DURU)', '2015-09-02 15:54:11'),
(2996, '18', 'Created new policy #1249 (MADU BARRY K.)', '2015-09-03 07:54:17'),
(2997, '28', 'Created new policy #1250 (MRS IKPEAZU)', '2015-09-03 08:26:38'),
(2998, '23', 'Created new policy #1251 (EZEIKPE CHIKWENDU)', '2015-09-03 08:30:02'),
(2999, '18', 'Created new policy #1252 (EMMANUEL O. ANUKAM)', '2015-09-03 08:30:07'),
(3000, '23', 'Created new policy #1253 (CHIEF PATRICK OKWANDU)', '2015-09-03 08:35:43'),
(3001, '18', 'Created new policy #1254 (ULOKWE IFEOMA)', '2015-09-03 08:48:38'),
(3002, '18', 'Created new policy #1255 (UBANZEH GIDEON NWANERI)', '2015-09-03 08:50:24'),
(3003, '18', 'Created new policy #1256 (EZEZULUIGBO C. CHIMEZIE)', '2015-09-03 08:52:24'),
(3004, '18', 'Created new policy #1257 (CHIKA FAVOUR EZE)', '2015-09-03 08:54:35'),
(3005, '20', 'Created new policy #1258 (VITALIS AGHANYA)', '2015-09-03 08:57:22'),
(3006, '23', 'Created new policy #1259 (MR CALLISTUS EJIKE OKONKWO)', '2015-09-03 09:03:56'),
(3007, '18', 'Created new policy #1260 (AMAECHI AMANZE)', '2015-09-03 09:07:33'),
(3008, '21', 'Created new policy #1261 (ROUDO NIG)', '2015-09-03 09:07:49'),
(3009, '18', 'Created new policy #1262 (EZIEME BENJAMIN ELOCHUKWU)', '2015-09-03 09:10:32'),
(3010, '21', 'Created new policy #1263 (MR & MRS )', '2015-09-03 09:13:00'),
(3011, '23', 'Created new policy #1264 (GERVASON IRENNADI)', '2015-09-03 09:16:30'),
(3012, '23', 'Created new policy #1265 (ORINGANJE IKECHUKWU)', '2015-09-03 09:33:36'),
(3013, '20', 'Created new policy #1266 (STELLA  DIKE)', '2015-09-03 09:33:53'),
(3014, '18', 'Created new policy #1267 (MR. AMADI AKUWUDIKE CHIBUZO)', '2015-09-03 09:42:56'),
(3015, '28', 'Created new policy #1268 (ISIGUZO AUGUSTINE)', '2015-09-03 09:44:10'),
(3016, '23', 'Created new policy #1269 (MR  P.N)', '2015-09-03 09:45:21'),
(3017, '18', 'Created new policy #1270 (EVANG.  JOCOBS N. EMMA C.)', '2015-09-03 09:53:38'),
(3018, '23', 'Created new policy #1271 (ENGR SYLVESTER JOSEPH)', '2015-09-03 09:59:44'),
(3019, '18', 'Created new policy #1272 (HON. NWAKA KENNETH)', '2015-09-03 10:04:01'),
(3020, '23', 'Created new policy #1273 (MR UBANI GODDY)', '2015-09-03 10:07:35'),
(3021, '28', 'Created new policy #1274 (FRANCIS ONYEKWU)', '2015-09-03 10:10:27'),
(3022, '23', 'Created new policy #1275 (SHADRACK CHUKWUEMEKA)', '2015-09-03 10:13:16'),
(3023, '20', 'Created new policy #1276 (DR  CHIOMA)', '2015-09-03 10:36:41'),
(3024, '18', 'Created new policy #1277 (CHARLES AMAECHI)', '2015-09-03 10:39:05'),
(3025, '23', 'Created new policy #1278 (EZEKIEL NDUAGWU)', '2015-09-03 11:32:17'),
(3026, '28', 'Created new policy #1279 (GIDEON NDUANUSI)', '2015-09-03 11:34:24'),
(3027, '28', 'Created new policy #1280 (JOY E)', '2015-09-03 12:27:49'),
(3028, '20', 'Created new policy #1281 (REV FR FRANCIS)', '2015-09-03 12:35:33'),
(3029, '17', 'Created new policy #1282 (Nwachukwu nwachukwu)', '2015-09-03 12:39:01'),
(3030, '18', 'Created new policy #1283 (MRS. KATE C.  OKAFOR)', '2015-09-03 12:43:04'),
(3031, '18', 'Created new policy #1284 (MRS. OPARA MARIAN CHINYERE)', '2015-09-03 12:45:07'),
(3032, '20', 'Created new policy #1285 (EMMA EGWUAGU)', '2015-09-03 12:45:52'),
(3033, '18', 'Created new policy #1286 (ENG. KINGSLEY C. NWANESI)', '2015-09-03 12:51:05'),
(3034, '18', 'Created new policy #1287 (MRS. AZUBUIKE VIVIAN)', '2015-09-03 12:54:05'),
(3035, '20', 'Created new policy #1288 (ICHIE EDWIN . C.)', '2015-09-03 12:57:39'),
(3036, '18', 'Created new policy #1289 (PROF. C. ANYANWU)', '2015-09-03 12:59:16'),
(3037, '23', 'Created new policy #1290 (OBINNA COLLINS)', '2015-09-03 13:00:59'),
(3038, '18', 'Created new policy #1291 (SIR GEORGE EGUH)', '2015-09-03 13:07:45'),
(3039, '18', 'Created new policy #1292 (HON. SIR GEORGE U  EGUH)', '2015-09-03 13:09:51'),
(3040, '23', 'Created new policy #1293 (MR ALAOMA JEREMIAH)', '2015-09-03 13:10:14'),
(3041, '18', 'Created new policy #1294 (SIR GEORGE U. EGUH)', '2015-09-03 13:11:37'),
(3042, '18', 'Created new policy #1295 (MR & MRS CLIFFORD EBERE MARTIN)', '2015-09-03 13:14:13'),
(3043, '18', 'Created new policy #1296 (UGOEZE PHOEBE OBICHERE)', '2015-09-03 13:16:57'),
(3044, '18', 'Created new policy #1297 (CHARISMATIC RENEWAL MINISTRIES)', '2015-09-03 13:18:49'),
(3045, '18', 'Created new policy #1298 (CHARISMATIC REN. MIN/FIRST BANK PLC)', '2015-09-03 13:21:13'),
(3046, '23', 'Created new policy #1299 (CHIMEZIE DURU)', '2015-09-03 13:24:07'),
(3047, '28', 'Created new policy #1300 (JOHN OGBUEBILE)', '2015-09-03 13:50:59'),
(3048, '28', 'Created new policy #1301 (CHIEF ALEX)', '2015-09-03 13:59:55'),
(3049, '28', 'Created new policy #1302 (UGOCHUKWU ELUCHIE)', '2015-09-03 14:10:11'),
(3050, '23', 'Created new policy #1303 (ENGR ANDREW IDACHABA)', '2015-09-03 14:15:42'),
(3051, '23', 'Created new policy #1304 (MR VICTOR A. EZE)', '2015-09-03 14:23:03'),
(3052, '28', 'Created new policy #1305 (EZEH ANTHONY)', '2015-09-03 14:26:26'),
(3053, '23', 'Created new policy #1306 (DR OKORIE KEN)', '2015-09-03 14:30:14'),
(3054, '23', 'Created new policy #1307 (NJOKU EMMANUEL)', '2015-09-03 14:58:29'),
(3055, '23', 'Created new policy #1308 (EMECHEBE CHISOM)', '2015-09-03 15:10:50'),
(3056, '21', 'Created new policy #1309 (CHUKWUNYERE NJOKUOMA)', '2015-09-03 17:20:36'),
(3057, '18', 'Created new policy #1310 (CHIEF AGBASO CHIBUOGU MARTIN)', '2015-09-04 09:43:36'),
(3058, '18', 'Created new policy #1311 (CHIEF AGBASO MARTIN CHIBUOGU)', '2015-09-04 09:49:50'),
(3059, '18', 'Created new policy #1312 (APOSTOLIC FAITH CHURCH)', '2015-09-04 09:53:59'),
(3060, '18', 'Created new policy #1313 (CHIEF ABC UCHE)', '2015-09-04 10:07:22'),
(3061, '28', 'Created new policy #1314 (EVANG NZEREM)', '2015-09-04 10:12:03'),
(3062, '18', 'Created new policy #1315 (CHIEF AGBASO MARTIN CHIBUOGU)', '2015-09-04 10:14:35'),
(3063, '18', 'Created new policy #1316 (PASTOR AMATOBI JOHN)', '2015-09-04 10:19:54'),
(3064, '28', 'Created new policy #1317 (MGBOM LOVELINE)', '2015-09-04 11:17:54'),
(3065, '28', 'Created new policy #1318 (ALLISON MICHAEL)', '2015-09-04 11:47:39'),
(3066, '28', 'Created new policy #1319 (AMALUE ROMANUS)', '2015-09-04 12:44:44'),
(3067, '28', 'Created new policy #1320 (HENRY MADU)', '2015-09-04 12:57:30'),
(3068, '28', 'Created new policy #1321 (DR OKOYE)', '2015-09-04 14:08:11'),
(3069, '18', 'Created new policy #1322 (MR & MRS AUGUSTINE IFEANYI EMESIBE)', '2015-09-04 15:27:09'),
(3070, '18', 'Created new policy #1323 (REV. FR. IGNATIUS  NWACHUKWU NZE)', '2015-09-04 15:29:54'),
(3071, '18', 'Created new policy #1324 (ARC. MARK CLEMENT C. OKORO)', '2015-09-04 15:31:37'),
(3072, '18', 'Created new policy #1325 (AUGUSTINE  AGBAHIWE)', '2015-09-04 15:45:24'),
(3073, '18', 'Created new policy #1326 (AC CHUKWUOCHA NGOZI BLESSING)', '2015-09-04 15:46:28'),
(3074, '18', 'Created new policy #1327 (JOHN  NWOKOCHA)', '2015-09-04 15:47:52'),
(3075, '18', 'Created new policy #1328 (MRS. CHRISTIANA NWANYIOCHA)', '2015-09-04 15:49:05'),
(3076, '18', 'Created new policy #1329 (NWAIWU JUDE CHIBUIKE)', '2015-09-04 15:50:05'),
(3077, '18', 'Created new policy #1330 (KENNETH  ODOR)', '2015-09-04 15:51:01'),
(3078, '18', 'Created new policy #1331 (SHADRACH IDIDIAH IRIAH)', '2015-09-04 15:53:06'),
(3079, '18', 'Created new policy #1332 (NZERIBE OLUCHI)', '2015-09-04 15:54:16'),
(3080, '18', 'Created new policy #1333 (OGONU SAM C)', '2015-09-04 15:55:22'),
(3081, '18', 'Created new policy #1334 (SIR BEN NJERIBEAKO)', '2015-09-04 15:56:20'),
(3082, '18', 'Created new policy #1335 (LADY CHINWE NJERIBEAKO)', '2015-09-04 15:57:11'),
(3083, '18', 'Created new policy #1336 (MRS OPARA CHINYERE LILIAN)', '2015-09-04 15:58:19'),
(3084, '18', 'Created new offender #12 (7)', '2015-09-04 16:27:16'),
(3085, '17', 'Created new admin #38 (KANU CHINYERE)', '2015-09-04 16:48:09'),
(3086, '38', 'Created new policy #1337 (ANYIKAEME AMBROSE)', '2015-09-04 16:55:00'),
(3087, '38', 'Updated Login information', '2015-09-04 17:03:34'),
(3088, '38', 'Created new policy #1338 (NWANKW ABEL)', '2015-09-04 17:11:37'),
(3089, '17', 'Created new policy #1339 (NWACHUKWU EMEKA)', '2015-09-05 16:56:36'),
(3090, '17', 'Created new policy #1340 (EZENWA AMBROSE)', '2015-09-05 17:30:04'),
(3091, '17', 'Created new policy #1341 (EZENWA AMBROSE)', '2015-09-05 17:40:21'),
(3092, '17', 'Updated admin group #1 (IMO STATE Consortium )', '2015-09-06 14:12:45'),
(3093, '17', 'Updated admin details #22 (Chukwu Young)', '2015-09-06 14:14:40'),
(3094, '17', 'Updated admin details #24 (Nnozirim Chinedu)', '2015-09-06 14:15:43'),
(3095, '17', 'Updated admin details #28 (Ojiaku Chizoba)', '2015-09-06 14:16:23'),
(3096, '17', 'Updated admin details #36 (Nzerem Barth)', '2015-09-06 14:20:04'),
(3097, '17', 'Updated admin details #28 (Ojiaku Chizoba)', '2015-09-06 14:38:13'),
(3098, '30', 'Created new policy #1342 (NWABUEZE EKENE)', '2015-09-06 14:44:40'),
(3099, '28', 'Updated Login information', '2015-09-06 14:44:59'),
(3100, '30', 'Created new policy #1343 (ANAEKE UGOCHUKWU)', '2015-09-06 14:56:01'),
(3101, '17', 'Created new offender #13 (6)', '2015-09-06 14:57:13'),
(3102, '17', 'Created new policy #1344 (GILEAD GILEAD)', '2015-09-06 14:58:52'),
(3103, '17', 'leared offender #13', '2015-09-06 15:00:50'),
(3104, '17', 'leared offender #12', '2015-09-06 15:01:06'),
(3105, '28', 'Created new policy #1345 (CH-ICHI DAVID)', '2015-09-07 10:48:26'),
(3106, '28', 'Created new policy #1346 (AZUBUIKE LUKE)', '2015-09-07 11:20:32'),
(3107, '28', 'Created new policy #1347 (DIKE IFEANYI)', '2015-09-07 11:27:12'),
(3108, '28', 'Created new policy #1348 (NWANKWO PAUL)', '2015-09-07 13:43:53'),
(3109, '28', 'Created new policy #1349 (DIKE PLACIDUS)', '2015-09-07 13:56:42'),
(3110, '28', 'Created new policy #1350 (CHINEDU ECHEBIRI)', '2015-09-07 14:11:10'),
(3111, '28', 'Created new policy #1351 (CHINEDU ECHEBIRI)', '2015-09-07 14:15:31'),
(3112, '28', 'Created new policy #1352 (BLESSED CHRISTOPHER)', '2015-09-07 15:41:30'),
(3113, '28', 'Created new policy #1353 (GODWIN LOVEDAY)', '2015-09-08 08:17:31'),
(3114, '28', 'Created new policy #1354 (CHIFE CHIGBU)', '2015-09-08 10:54:57'),
(3115, '28', 'Created new policy #1355 (MR BENEDICT)', '2015-09-08 11:04:23'),
(3116, '28', 'Created new policy #1356 (AMAECHI NWAIBARI)', '2015-09-08 11:28:12'),
(3117, '28', 'Created new policy #1357 (SAMUEL OFORJI)', '2015-09-08 11:42:35'),
(3118, '17', 'Created new policy #1358 (Genr. Osuji J.O.)', '2015-09-08 11:43:26'),
(3119, '28', 'Created new policy #1359 (UDUAK ENO)', '2015-09-08 11:50:27'),
(3120, '28', 'Created new policy #1360 (EZENWANKWO CHISOM)', '2015-09-08 11:57:53'),
(3121, '28', 'Created new policy #1361 (DIALA LAWRENCE)', '2015-09-08 12:18:03'),
(3122, '28', 'Created new policy #1362 (OBIOHA CHIBUIKE)', '2015-09-08 12:34:46'),
(3123, '28', 'Created new policy #1363 (BRIGHT MADUWUBA)', '2015-09-08 13:12:32'),
(3124, '21', 'Created new policy #1364 (LADY BLESSING)', '2015-09-08 13:18:58'),
(3125, '21', 'Created new policy #1365 (DR. CHINEME MICHAEL)', '2015-09-08 13:21:47'),
(3126, '28', 'Created new policy #1366 (BEN IHUOMA)', '2015-09-08 13:51:09'),
(3127, '28', 'Created new policy #1367 (SIMEON ORDU)', '2015-09-08 13:59:57'),
(3128, '28', 'Created new policy #1368 (ONYEWUCHI OKORO)', '2015-09-08 14:08:48'),
(3129, '17', 'Created new policy #1369 (THE REDEEMED RECONCIALIATION ASSEMBLY)', '2015-09-08 14:44:58'),
(3130, '17', 'Created new policy #1370 (OKECHUKWU JOSHUA )', '2015-09-08 15:50:45'),
(3131, '28', 'Created new policy #1371 (CHIBUZOR OSSIA)', '2015-09-09 08:50:03'),
(3132, '28', 'Created new policy #1372 (DURUEKE UGOCHI)', '2015-09-09 10:14:06'),
(3133, '28', 'Created new policy #1373 (MRS IHEDINACHI)', '2015-09-09 11:06:57'),
(3134, '21', 'Created new policy #1374 (VEN. ENGR OBIOMA)', '2015-09-09 13:44:02'),
(3135, '21', 'Created new policy #1375 (VEN. ENGR EUGENE)', '2015-09-09 13:54:13'),
(3136, '17', 'Created new policy #1376 (ENGINEER OKOROGU IKENNA)', '2015-09-09 14:01:22'),
(3137, '28', 'Created new policy #1377 (MRS CHIMA)', '2015-09-09 14:25:28'),
(3138, '28', 'Created new policy #1378 (CHINEDU AKOBUNDU)', '2015-09-10 07:40:38'),
(3139, '28', 'Created new policy #1379 (EMMANUEL OJIEGBE)', '2015-09-10 09:11:34'),
(3140, '28', 'Created new policy #1380 (MR IHEJIETO)', '2015-09-10 09:29:06'),
(3141, '21', 'Created new policy #1381 (OSUJI EMMANUEL)', '2015-09-10 10:12:07'),
(3142, '28', 'Created new policy #1382 (SABASTINE MADUCHE)', '2015-09-10 10:25:37'),
(3143, '28', 'Created new policy #1383 (ANAYOCHI ARINZE)', '2015-09-10 12:23:15'),
(3144, '28', 'Created new policy #1384 (BRIGHT KING)', '2015-09-10 12:51:37'),
(3145, '28', 'Created new policy #1385 (UCHE ANOKWU)', '2015-09-10 14:15:38'),
(3146, '21', 'Created new policy #1386 (ST. ANDREWS ANG. CHURCH)', '2015-09-10 14:53:06'),
(3147, '28', 'Created new policy #1387 (IBE CHRISTIAN)', '2015-09-10 14:54:46'),
(3148, '17', 'Created new policy #1388 (MR. OGIDE INNOCENT)', '2015-09-10 16:05:34'),
(3149, '21', 'Created new policy #1389 (ENGR OKEKE)', '2015-09-11 09:46:48'),
(3150, '28', 'Created new policy #1390 (EKUEME LUKE)', '2015-09-11 10:16:46'),
(3151, '28', 'Created new policy #1391 (EKUEME LUKE)', '2015-09-11 10:22:17'),
(3152, '21', 'Created new policy #1392 (MRS. COMFORT A.)', '2015-09-11 10:55:42'),
(3153, '28', 'Created new policy #1393 (AJAH PRISCA)', '2015-09-11 11:18:04'),
(3154, '28', 'Created new policy #1394 (SUNDAY EFFIONG)', '2015-09-11 11:26:58'),
(3155, '28', 'Created new policy #1395 (AUGUSTA OBI)', '2015-09-11 11:30:58'),
(3156, '21', 'Created new policy #1396 (CHRIS OKECHUKWU)', '2015-09-11 11:32:12'),
(3157, '28', 'Created new policy #1397 (EJEKA DARLINGTON)', '2015-09-11 11:35:08'),
(3158, '28', 'Created new policy #1398 (MICHAEL NWALA)', '2015-09-11 12:13:10'),
(3159, '21', 'Created new policy #1399 (OLUWAFEMI ABODERIN)', '2015-09-11 12:31:03'),
(3160, '21', 'Created new policy #1400 (TRIPLEX INVESTMENT RESOURCES)', '2015-09-11 12:37:26'),
(3161, '28', 'Created new policy #1401 (NJOKU OLACHI)', '2015-09-11 12:53:49'),
(3162, '28', 'Created new policy #1402 (VINCENT ONYERIODOR)', '2015-09-11 13:00:08'),
(3163, '28', 'Created new policy #1403 (ANOSIKE UGOCHUKWU)', '2015-09-11 13:32:28'),
(3164, '28', 'Created new policy #1404 (TONI NZERIBE)', '2015-09-11 13:47:58'),
(3165, '28', 'Created new policy #1405 (NWOSU IHEANYI)', '2015-09-11 14:13:05'),
(3166, '28', 'Created new policy #1406 (NWOBA EJIKE)', '2015-09-11 14:20:55'),
(3167, '21', 'Created new policy #1407 (MR OBIOHA)', '2015-09-11 14:30:26'),
(3168, '28', 'Created new policy #1408 (NWAGWU VINCENT)', '2015-09-11 14:47:36'),
(3169, '17', 'Created new policy #1409 (OKEREKE SYLVANUS)', '2015-09-12 15:23:06'),
(3170, '28', 'Created new policy #1410 (CHINEDU ECHEBIRI)', '2015-09-14 12:08:18'),
(3171, '28', 'Created new policy #1411 (CLEMENT ODOM)', '2015-09-14 12:20:03'),
(3172, '28', 'Created new policy #1412 (GRACE ONONUGBO)', '2015-09-14 12:25:46'),
(3173, '28', 'Created new policy #1413 (MR JOHN)', '2015-09-14 14:11:01'),
(3174, '28', 'Created new policy #1414 (LAPO MICRO)', '2015-09-14 14:39:58'),
(3175, '21', 'Created new policy #1415 (BARR. KELECHI SOLOMON)', '2015-09-15 09:00:59'),
(3176, '18', 'Created new policy #1416 (IBEZIM THERESA)', '2015-09-15 09:49:29'),
(3177, '28', 'Created new policy #1417 (OPARA MICHAEL)', '2015-09-15 10:04:18'),
(3178, '21', 'Created new policy #1418 (LADY BERNADINE ADAMMA)', '2015-09-15 10:42:33'),
(3179, '21', 'Created new policy #1419 (CHIJIOKE MARTINS)', '2015-09-15 12:43:33'),
(3180, '21', 'Created new policy #1420 (MR LAWRENCE)', '2015-09-16 11:07:07'),
(3181, '28', 'Created new policy #1421 (SONEAT OIL NIG)', '2015-09-16 15:34:34'),
(3182, '28', 'Created new policy #1422 (EMMA CD)', '2015-09-21 11:17:58'),
(3183, '28', 'Created new policy #1423 (UZOMA GAIUS)', '2015-09-21 11:24:05'),
(3184, '28', 'Created new policy #1424 (MMADUMERE HENRY)', '2015-09-21 11:31:19'),
(3185, '28', 'Created new policy #1425 (PASTOR DANIEL)', '2015-09-21 11:39:22'),
(3186, '28', 'Created new policy #1426 (OGUINE AMARACHUKWU)', '2015-09-21 11:45:57'),
(3187, '28', 'Created new policy #1427 (AMADI EPHRAIM)', '2015-09-21 12:58:49'),
(3188, '28', 'Created new policy #1428 (OGBONNA ANN)', '2015-09-21 14:50:43'),
(3189, '28', 'Created new policy #1429 (RUFUS EZIE)', '2015-09-21 15:10:33'),
(3190, '28', 'Created new policy #1430 (CPL UTIBE)', '2015-09-21 15:20:03'),
(3191, '28', 'Created new policy #1431 (CPL UTIBE)', '2015-09-21 15:24:15'),
(3192, '28', 'Created new policy #1432 (HENRY PRECIOUS)', '2015-09-21 15:33:48'),
(3193, '28', 'Created new policy #1433 (UCHENNA EJIKE)', '2015-09-22 08:57:24'),
(3194, '28', 'Created new policy #1434 (FINCA MICROFINACE)', '2015-09-22 09:21:36'),
(3195, '28', 'Created new policy #1435 (NWANKWO NUELEMMA)', '2015-09-22 09:26:06');
INSERT INTO `activitylogs` (`id`, `admin_id`, `action`, `thedate`) VALUES
(3196, '28', 'Created new policy #1436 (ALOBU UCHENNA)', '2015-09-22 10:13:53'),
(3197, '28', 'Created new policy #1437 (MRS IFEOMA.  P.)', '2015-09-22 12:33:35'),
(3198, '28', 'Created new policy #1438 (DR MRS UKEGBU)', '2015-09-22 12:58:41'),
(3199, '28', 'Created new policy #1439 (CHIOMA PASCAL)', '2015-09-22 13:16:08'),
(3200, '28', 'Created new policy #1440 (MUHAMMED LAWAN)', '2015-09-22 13:36:54'),
(3201, '28', 'Created new policy #1441 (EMEKA ONUOHA)', '2015-09-22 14:01:19'),
(3202, '28', 'Created new policy #1442 (PRINCEWELL UGWUONNOH)', '2015-09-23 07:26:32'),
(3203, '28', 'Created new policy #1443 (MR ONYEBUCHI)', '2015-09-23 10:15:40'),
(3204, '28', 'Created new policy #1444 (SYLVESTER I.)', '2015-09-23 10:36:49'),
(3205, '28', 'Created new policy #1445 (IFEOMA P)', '2015-09-23 10:41:30'),
(3206, '28', 'Created new policy #1446 (JOS UWASOMBA)', '2015-09-23 12:33:44'),
(3207, '28', 'Created new policy #1447 (JOSHUA UWASOMBA)', '2015-09-23 12:46:46'),
(3208, '28', 'Created new policy #1448 (ANDREW ENWEREM)', '2015-09-23 13:10:11'),
(3209, '28', 'Created new policy #1449 (ONUOHA UGONNA)', '2015-09-23 13:33:17'),
(3210, '28', 'Created new policy #1450 (ONYEGBULA IKECHUKWU)', '2015-09-23 13:45:35'),
(3211, '28', 'Created new policy #1451 (UGOCHUKWU MADUMIHE)', '2015-09-23 14:18:15'),
(3212, '28', 'Created new policy #1452 (JOHN NKWAGU)', '2015-09-23 14:23:09'),
(3213, '28', 'Created new policy #1453 (IHERI CHIDERA)', '2015-09-24 08:40:23'),
(3214, '28', 'Created new policy #1454 (OSUJI CHIDIEBERE)', '2015-09-24 11:39:31'),
(3215, '28', 'Created new policy #1455 (MBAMARA EUCHARIA)', '2015-09-24 11:44:08'),
(3216, '28', 'Created new policy #1456 (CHINEDU OSUAGWU)', '2015-09-24 14:59:07'),
(3217, '28', 'Created new policy #1457 (ONUEGBU JOHNBOSCO &)', '2015-09-24 15:05:18'),
(3218, '28', 'Created new policy #1458 (JOHNKENNEDY ANYALEWECHI)', '2015-09-25 10:59:59'),
(3219, '28', 'Created new policy #1459 (OKPARAH EUGENE)', '2015-09-25 11:06:57'),
(3220, '28', 'Created new policy #1460 (OKPARAH EUGENE)', '2015-09-25 11:16:37'),
(3221, '28', 'Created new policy #1461 (OKPARAH EUGENE)', '2015-09-25 11:20:09'),
(3222, '21', 'Created new policy #1462 (CHIDIEBERE DONATUS)', '2015-09-28 11:01:36'),
(3223, '21', 'Created new policy #1463 (BENARD EMMANUEL)', '2015-09-28 11:03:43'),
(3224, '21', 'Created new policy #1464 (MR AWUZIE)', '2015-09-28 11:06:06'),
(3225, '28', 'Created new policy #1465 (SIR CHRISTAIN)', '2015-09-28 11:06:22'),
(3226, '21', 'Created new policy #1466 (MR. ALOYSIUS IWUAGWU)', '2015-09-28 11:18:17'),
(3227, '28', 'Created new policy #1467 (CHUKWUEKE. U)', '2015-09-28 11:53:44'),
(3228, '28', 'Created new policy #1468 (MRS.    NGOZI CHIOMA)', '2015-09-28 12:32:56'),
(3229, '28', 'Created new policy #1469 (EWELIKE KINGSELY)', '2015-09-28 13:17:26'),
(3230, '21', 'Created new policy #1470 (PETER IHEME)', '2015-09-28 14:41:38'),
(3231, '21', 'Created new policy #1471 (IHEME & SONGS )', '2015-09-28 14:43:39'),
(3232, '28', 'Created new policy #1472 (OKORIE UCHENNA)', '2015-09-28 15:05:12'),
(3233, '28', 'Created new policy #1473 (MR STANLEY)', '2015-09-29 07:41:12'),
(3234, '28', 'Created new policy #1474 (NNENNA CHARLES)', '2015-09-29 09:35:13'),
(3235, '28', 'Created new policy #1475 (NWOFE MONDAY)', '2015-09-29 09:40:33'),
(3236, '28', 'Created new policy #1476 (MR IJEOMAH)', '2015-09-29 10:36:27'),
(3237, '28', 'Created new policy #1477 (ANOZIE JOSEPH)', '2015-09-29 10:59:32'),
(3238, '28', 'Created new policy #1478 (MR DIKE)', '2015-09-29 11:05:25'),
(3239, '28', 'Created new policy #1479 (MRS AKUJOBI)', '2015-09-29 11:46:25'),
(3240, '28', 'Created new policy #1480 (AHAM UGOCHUKWU)', '2015-09-29 12:02:11'),
(3241, '28', 'Created new policy #1481 (NJOKU JUSTICE)', '2015-09-29 13:00:12'),
(3242, '28', 'Created new policy #1482 (OKAFOR CHIGOZIE)', '2015-09-29 13:21:59'),
(3243, '28', 'Created new policy #1483 (ARMSTRONG C)', '2015-09-29 14:38:50'),
(3244, '17', 'Created new policy #1484 (OGINI TOCHI)', '2015-09-29 14:47:12'),
(3245, '17', 'Created new policy #1485 (IHEZIE BASIL)', '2015-09-29 14:56:31'),
(3246, '17', 'Created new policy #1486 (IZUNOBI ANTHONY)', '2015-09-29 15:00:08'),
(3247, '28', 'Created new policy #1487 (MAZI B.O)', '2015-09-30 08:31:25'),
(3248, '28', 'Created new policy #1488 (NWANKWO LUCKY)', '2015-09-30 08:44:39'),
(3249, '28', 'Created new policy #1489 (BARR.(MRS) IHUOMA)', '2015-09-30 08:54:37'),
(3250, '28', 'Created new policy #1490 (OPARA INNOCENT)', '2015-09-30 08:59:31'),
(3251, '28', 'Created new policy #1491 (NJOKU PAULINE)', '2015-09-30 09:05:05'),
(3252, '28', 'Created new policy #1492 (OKIKE CHUKWU)', '2015-09-30 09:48:31'),
(3253, '28', 'Created new policy #1493 (AMAEFULA UGOCHUKWU)', '2015-09-30 09:59:57'),
(3254, '28', 'Created new policy #1494 (INNOCENT .T.)', '2015-09-30 11:06:36'),
(3255, '28', 'Created new policy #1495 (INNOCENT .T.)', '2015-09-30 11:11:01'),
(3256, '28', 'Created new policy #1496 (MMADUWUBA 0KECHUKWU)', '2015-09-30 11:38:36'),
(3257, '17', 'Created new policy #1497 (REV FR. NWADIKE FITGERALD)', '2015-09-30 13:41:06'),
(3258, '17', 'Created new policy #1498 (MR. NDILEMENU ALOY)', '2015-09-30 14:56:29'),
(3259, '17', 'Created new policy #1499 (MR. OLISAKWE UCHENNA)', '2015-09-30 15:22:20'),
(3260, '28', 'Created new policy #1500 (REV OPARAKU)', '2015-09-30 15:55:24'),
(3261, '28', 'Created new policy #1501 (AMUZIE EZE)', '2015-09-30 15:59:19'),
(3262, '28', 'Created new policy #1502 (IFEANYI OKOR)', '2015-10-01 08:01:51'),
(3263, '28', 'Created new policy #1503 (MRS EDITH  BUSH)', '2015-10-01 08:10:24'),
(3264, '28', 'Created new policy #1504 (EDEDE ALPHONSIUS)', '2015-10-01 09:25:30'),
(3265, '28', 'Created new policy #1505 (MRS IHEDINACHI)', '2015-10-02 07:53:42'),
(3266, '28', 'Created new policy #1506 (EJERUKWA CLEMATE)', '2015-10-02 08:02:23'),
(3267, '28', 'Created new policy #1507 (ENEKWIZU EBUKA)', '2015-10-02 08:30:23'),
(3268, '28', 'Created new policy #1508 (MR SAMUEL)', '2015-10-02 10:44:24'),
(3269, '17', 'Created new policy #1509 (UFONDU EDITH)', '2015-10-02 12:18:16'),
(3270, '28', 'Created new policy #1510 (OKORO SUNDAY)', '2015-10-02 12:48:38'),
(3271, '28', 'Created new policy #1511 (ODEN ARIKPO)', '2015-10-02 13:06:01'),
(3272, '17', 'Created new policy #1512 (OHAKWE EDWIN)', '2015-10-02 17:23:33'),
(3273, '17', 'Created new policy #1513 (MAZI ARUIUSI BETHEL)', '2015-10-02 17:28:14'),
(3274, '17', 'Updated admin details #28 (Ojiaku Chizoba)', '2015-10-05 10:30:31'),
(3275, '28', 'Created new policy #1514 (ODUDU SAMUEL)', '2015-10-05 10:38:31'),
(3276, '28', 'Created new policy #1515 (AMINA ORU)', '2015-10-05 10:43:42'),
(3277, '28', 'Created new policy #1516 (OBASI BONAVENTURE)', '2015-10-05 10:48:10'),
(3278, '28', 'Created new policy #1517 (OGUALAJI OGONNA)', '2015-10-05 12:13:48'),
(3279, '28', 'Created new policy #1518 (OGUALAJI OGUNNA)', '2015-10-05 12:19:50'),
(3280, '28', 'Created new policy #1519 (OGUALAJI UGONNA)', '2015-10-05 12:24:29'),
(3281, '28', 'Created new policy #1520 (NGOZI NWACHUKWU)', '2015-10-05 12:30:07'),
(3282, '21', 'Created new policy #1521 (UZOMA MADUMERE)', '2015-10-05 13:23:45'),
(3283, '21', 'Created new policy #1522 (MGBENOBI KELECHUKWU)', '2015-10-05 13:31:38'),
(3284, '28', 'Created new policy #1523 (LAPO MICRO)', '2015-10-05 13:43:44'),
(3285, '28', 'Created new policy #1524 (BRO NATH)', '2015-10-06 11:41:26'),
(3286, '28', 'Created new policy #1525 (JAMES ARIZIE)', '2015-10-06 14:33:28'),
(3287, '28', 'Created new policy #1526 (NNAMDI NWAPA)', '2015-10-06 14:41:08'),
(3288, '28', 'Created new policy #1527 (NNAJI SAMUEL)', '2015-10-07 11:19:53'),
(3289, '28', 'Created new policy #1528 (ONYINYECHI UKPAKA)', '2015-10-07 11:38:09'),
(3290, '28', 'Created new policy #1529 (IHEANACHO GABRIEL)', '2015-10-07 14:26:12'),
(3291, '28', 'Created new policy #1530 (NWOSU NDUBUISI.)', '2015-10-07 14:46:23'),
(3292, '28', 'Created new policy #1531 (OLUGBUO GODWIN)', '2015-10-07 14:55:20'),
(3293, '28', 'Created new policy #1532 (EMMANUEL NNAMDI)', '2015-10-07 15:04:11'),
(3294, '21', 'Created new policy #1533 (MRS. MARTINA)', '2015-10-07 15:18:45'),
(3295, '17', 'Created new policy #1534 (ENGR SOUTHOUIN BERNARD)', '2015-10-07 15:19:07'),
(3296, '17', 'Created new policy #1535 (ENGR SOUTHOUIN BERNARD)', '2015-10-07 15:21:36'),
(3297, '28', 'Created new policy #1536 (CHUKWUEMEKA OKORIE)', '2015-10-07 15:40:17'),
(3298, '28', 'Created new policy #1537 (OKORIE CHUKWUEMEKA)', '2015-10-07 15:48:11'),
(3299, '28', 'Created new policy #1538 (MR NGOZI STANDFORD)', '2015-10-08 09:18:28'),
(3300, '28', 'Created new policy #1539 (MR PATRICK)', '2015-10-08 12:50:04'),
(3301, '28', 'Created new policy #1540 (EUNA ROMANUS)', '2015-10-12 08:03:41'),
(3302, '28', 'Created new policy #1541 (NWAORGU CHIMANKPA)', '2015-10-12 08:08:31'),
(3303, '28', 'Created new policy #1542 (UMAHI  PRINCE)', '2015-10-12 08:12:17'),
(3304, '28', 'Created new policy #1543 (NAAMA ELIJAH)', '2015-10-12 08:18:31'),
(3305, '28', 'Created new policy #1544 (ADIUKWU RAPHAEL)', '2015-10-12 08:23:05'),
(3306, '28', 'Created new policy #1545 (MR&MRS IKECHUKWU)', '2015-10-12 08:28:55'),
(3307, '28', 'Created new policy #1546 (ADIUKWU RAPHAEL)', '2015-10-12 08:32:48'),
(3308, '28', 'Created new policy #1547 (ADIUKWU RAPHAEL)', '2015-10-12 08:37:42'),
(3309, '28', 'Created new policy #1548 (IKEDIGHI AMARACHI)', '2015-10-12 08:41:23'),
(3310, '28', 'Created new policy #1549 (CHIKWE PATRICK)', '2015-10-12 11:02:09'),
(3311, '28', 'Created new policy #1550 (DONALD OPARANOZIE)', '2015-10-12 11:07:56'),
(3312, '28', 'Created new policy #1551 (ARINZE DARLINGTON)', '2015-10-12 11:21:48'),
(3313, '28', 'Created new policy #1552 (CHIEF ALLOY)', '2015-10-12 11:41:46'),
(3314, '28', 'Created new policy #1553 (GORDEN NWADIKE)', '2015-10-12 11:46:41'),
(3315, '28', 'Created new policy #1554 (UBACHU IBUCHI)', '2015-10-12 11:56:05'),
(3316, '28', 'Created new policy #1555 (UBACHU CHIBUIKE)', '2015-10-12 12:03:11'),
(3317, '28', 'Created new policy #1556 (OKECHUKWU ONUOHA)', '2015-10-12 12:10:46'),
(3318, '28', 'Created new policy #1557 (OGU KINGSELY)', '2015-10-13 08:14:59'),
(3319, '28', 'Created new policy #1558 (JULIANA UKANACHO)', '2015-10-13 08:21:09'),
(3320, '28', 'Created new policy #1559 (AMIAKA KINGSLEY)', '2015-10-13 08:45:59'),
(3321, '28', 'Created new policy #1560 (AMIAKA KINGSLEY)', '2015-10-13 08:46:59'),
(3322, '', 'Created new officer #2 (sdfs fs d sdf sd)', '2016-01-25 19:40:44'),
(3323, 'FAKELOGINFOUND', 'Updated officer #1 (sdfs fs d sdf sd)', '2016-01-26 01:48:32'),
(3324, 'FAKELOGINFOUND', 'Updated officer #1 (Okona Bright)', '2016-01-26 01:49:29'),
(3325, 'FAKELOGINFOUND', 'Updated officer status for #1 from 0 to 2', '2016-01-26 02:48:50'),
(3326, '2', 'Created new admin #39 (sdfsf sdfsdf)', '2016-01-26 06:25:11'),
(3327, '2', 'Updated admin details #2 (Okonax Brightx)', '2016-01-26 06:39:22'),
(3328, '2', 'Created new officer #3 (sdfsdf sdfsdfs)', '2016-01-29 04:03:17'),
(3329, '2', 'Created new officer #4 (sfs dfsdf)', '2016-01-29 04:04:18'),
(3330, '2', 'Updated officer #1 (Okona Bright)', '2016-01-29 04:23:24'),
(3331, '2', 'Updated officer #1 (Okona Bright)', '2016-01-29 04:23:56'),
(3332, '2', 'Updated officer #3 (sdfsdf sdfsdfs)', '2016-01-29 04:29:06'),
(3333, '2', 'Send message to officer #1 (hello bright, this is just a test)', '2016-01-29 04:53:12'),
(3334, '', 'Created new super dealer #5 (sdfsdf)', '2016-02-20 23:51:39'),
(3335, '', 'Created new super dealer #6 (Ceejay Communications)', '2016-02-21 00:02:50'),
(3336, '', 'Created new super dealer #7 (sdfsdfs)', '2016-02-21 00:22:22'),
(3337, '7', 'Created new sub dealer #8 (sdfsdf)', '2016-02-21 01:10:01'),
(3338, '7', 'Created new sub dealer #9 (sd asdasd)', '2016-02-21 01:15:13'),
(3339, '', 'Updated dealer status for #6 from 5 to 2', '2016-02-21 01:49:33'),
(3340, '', 'Updated dealer status for #6 from 2 to 5', '2016-02-21 02:19:26'),
(3341, '', 'Created new super dealer #6 (Ceejay Communications)', '2016-02-21 06:25:26'),
(3342, '', 'Created new super dealer #1 (ABC COmpany)', '2016-02-21 06:25:43'),
(3343, '7', 'Updated sub dealer #9 (BBCC sub dealer)', '2016-02-21 06:44:10'),
(3344, '7', 'Updated dealer status for #9 from 5 to 2', '2016-02-21 06:57:00'),
(3345, '', 'Created new super dealer #10 (sdsdasd)', '2016-02-21 07:04:17'),
(3346, '10', 'Created new sub dealer #11 (sdfsdfs f )', '2016-02-21 07:15:51'),
(3347, '10', 'Updated dealer status for #11 from 5 to 2', '2016-02-21 07:18:27'),
(3348, '10', 'Updated dealer status for #11 from 2 to 5', '2016-02-21 07:18:53'),
(3349, '10', 'Created new super dealer #11 (sdfsdfs f changed)', '2016-02-21 07:19:44'),
(3350, '10', 'Created new super dealer #11 (sdfsdfs f changed)', '2016-02-21 07:22:06'),
(3351, '10', 'Updated dealer status for #11 from 5 to 2', '2016-02-21 07:22:13'),
(3352, '10', 'Updated sub dealer #11 (sdfsdfs f changed2)', '2016-02-21 07:24:37'),
(3353, '10', 'Updated dealer status for #11 from 2 to 5', '2016-02-21 07:24:50'),
(3354, '10', 'Updated sub dealer status for #11 from 5 to 2', '2016-02-21 07:27:51'),
(3355, '10', 'Updated sub dealer #11 (sdfsdfs f changed2)', '2016-02-21 07:38:29'),
(3356, '11', 'Created new retailer #12 (sd fsdfsdf)', '2016-02-21 07:48:37'),
(3357, '11', 'Updated retailer #12 (Change a retailer)', '2016-02-21 07:50:32'),
(3358, '11', 'Updated retailer status for #12 from 5 to 2', '2016-02-21 07:50:49');

-- --------------------------------------------------------

--
-- Table structure for table `admin`
--

CREATE TABLE IF NOT EXISTS `admin` (
  `username` varchar(50) NOT NULL,
  `password` varchar(200) NOT NULL
) ENGINE=InnoDB DEFAULT CHARSET=latin1;

--
-- Dumping data for table `admin`
--

INSERT INTO `admin` (`username`, `password`) VALUES
('ADMINISTRATOR', 'bright');

-- --------------------------------------------------------

--
-- Table structure for table `admins`
--

CREATE TABLE IF NOT EXISTS `admins` (
  `admin_id` int(11) NOT NULL AUTO_INCREMENT,
  `surname` varchar(30) NOT NULL,
  `firstname` varchar(30) NOT NULL,
  `othernames` varchar(30) NOT NULL,
  `email` varchar(30) NOT NULL,
  `phone` varchar(30) NOT NULL,
  `group_id` varchar(20) NOT NULL,
  `username` varchar(50) NOT NULL,
  `password` varchar(350) NOT NULL,
  `token` varchar(4) NOT NULL,
  `createdby` varchar(20) NOT NULL,
  `thedate` datetime NOT NULL,
  `modifiedby` varchar(20) NOT NULL,
  `modifiedon` datetime NOT NULL,
  `status` int(11) NOT NULL,
  `lastlogin` datetime NOT NULL,
  PRIMARY KEY (`admin_id`),
  UNIQUE KEY `email` (`email`,`username`),
  KEY `surname` (`surname`,`firstname`,`phone`,`group_id`,`status`)
) ENGINE=InnoDB  DEFAULT CHARSET=latin1 AUTO_INCREMENT=40 ;

--
-- Dumping data for table `admins`
--

INSERT INTO `admins` (`admin_id`, `surname`, `firstname`, `othernames`, `email`, `phone`, `group_id`, `username`, `password`, `token`, `createdby`, `thedate`, `modifiedby`, `modifiedon`, `status`, `lastlogin`) VALUES
(2, 'Okonax', 'Brightx', 'Okwudoo', 'bright@brightokona.com', '08035137033', '1', 'brightokona', 'ac6ad6be092475b1b77b13f9a4e3eed89d4c1388ff54e42234fd2b6812e4c208', '1234', '', '2014-04-29 01:37:14', '2', '2016-01-26 06:39:22', 0, '2016-02-20 20:03:24'),
(17, 'Nazbel', 'Consult', 'Limited', 'info@zoracom.net', '08035393716', '1', 'administrator', '5f191e40228a7dd9a0f79cda89225b8dce57080eb8a363febea2ece4b947f8a1', '1234', '2', '2015-08-10 20:13:10', '17', '2015-08-21 09:28:27', 5, '2015-10-07 16:20:40'),
(18, 'Uwaezu', 'Uzoamaka', 'Madonna', 'UWAEZU1@yahoo.com', '07039096460', '3', 'uwaezu@nazbel', '233bbf1d3e8f87fa2a2214de90e35d27fbefa2bd140a8a42d06b4d35aa8ce50d', '1234', '17', '2015-08-11 10:07:31', '', '0000-00-00 00:00:00', 5, '2015-09-15 09:48:09'),
(19, 'Iyiegbu', 'Paul', 'C', 'sirpauly66@yahoo.com', '08039783551', '3', 'iyiegbu@nazbel', '16b2d65209df74672e9e35e9e7d186358371c4a9eb2380761ac2ce1c199632c6', '1234', '17', '2015-08-11 10:12:54', '', '0000-00-00 00:00:00', 5, '2015-09-01 12:44:55'),
(20, 'Harcourt', 'Nneoma', 'Maryanne', 'nnellycourts@yahoo.com', '08038959387', '3', 'nneoma@nazbel', 'f98b87c6c915784da79fe57d12d8ee390f371aff036a1c6cf059839b55431f66', '1234', '17', '2015-08-11 10:18:34', '', '0000-00-00 00:00:00', 5, '2015-09-15 07:36:28'),
(21, 'Nwachukwu', 'Gerald', 'J.', 'geralddihos', '08038799015', '3', 'gerald@nazbel', '35013e71c450ca60843fea3510a1466805aa7dc7d2ab275603eb1710323a4c36', '1234', '17', '2015-08-11 10:21:17', '', '0000-00-00 00:00:00', 5, '2015-10-12 13:24:06'),
(22, 'Chukwu', 'Young', '', 'youngus411@gmail.com', '08037998585', '3', 'young@nazbel', '6baad6f126fa53233f5120dd32225d4a9eeaea26dce58789f0b3b6efcdb0dadb', '1234', '17', '2015-08-11 10:23:24', '17', '2015-09-06 14:14:40', 0, '0000-00-00 00:00:00'),
(23, 'Okonkwo', 'Joy', '', 'nazbelglobal@gmail.com', '08035449851', '3', 'joy@nazbel', '9da543162a69d36817864c2396b2600f4b5ed8f5be731de6e4631b1452ce4ef9', '1234', '17', '2015-08-11 10:25:01', '', '0000-00-00 00:00:00', 5, '2015-09-03 12:54:39'),
(24, 'Nnozirim', 'Chinedu', 'C', 'nazbelglobal@gmail.com', '08064719644', '3', 'nnozirim@nazbel', '6baad6f126fa53233f5120dd32225d4a9eeaea26dce58789f0b3b6efcdb0dadb', '1234', '17', '2015-08-11 10:26:19', '17', '2015-09-06 14:15:43', 0, '0000-00-00 00:00:00'),
(25, 'Nwachukwu', 'Gilead', 'Ezinwa', 'gileadnwachukwu@yahoo.com', '08035393716', '4', 'gileadnwachukwu', '6baad6f126fa53233f5120dd32225d4a9eeaea26dce58789f0b3b6efcdb0dadb', '1234', '17', '2015-08-11 10:31:00', '17', '2015-08-12 13:22:21', 5, '2015-08-21 10:58:31'),
(26, 'ANYANWU', 'Susan', 'C', 'nazbelglobal@gmail.com', '08034130687', '4', 'susan@nazbel', '354016616bca56c8b4b6bbaeb5263c96b78501c79b6e403bad6376a52fc86d4e', '1234', '17', '2015-08-11 10:33:18', '', '0000-00-00 00:00:00', 5, '2015-09-02 09:54:05'),
(27, 'Okolie', 'David', 'B', 'daveokolie@yahoo.com', '08035768041', '4', 'daveokolie', '645bc4e54bee04569e3335bc488415a5249bea43a05db2eab5973afa5e8cc165', '1234', '17', '2015-08-17 16:26:50', '', '0000-00-00 00:00:00', 5, '2015-09-29 10:25:08'),
(28, 'Ojiaku', 'Chizoba', '', '', '07035315868', '3', 'ojiaku@nazbel', 'defd1b65fde10cea74090731a5b50377939b8fb44e2854533c318931bd643e08', '1234', '17', '2015-08-17 17:32:27', '17', '2015-10-05 10:30:31', 5, '2015-10-13 08:17:52'),
(29, 'Nwachukwu', 'Success', 'Chinazo', 'nazbelglobal@gmail.com', '08035344736', '5', 'nazo', '6ec561b05cd4fb8766b88178ceccb166b64aa945dbfc9f8f1e78591e8dd9ddfe', '1234', '17', '2015-08-17 17:38:45', '', '0000-00-00 00:00:00', 5, '2015-09-04 16:20:36'),
(30, 'Nwachukwu', 'Gilead', 'Ezinwa', 'gileadnwachukwu@yahoo.com', '08035393716', '5', 'bella@e-insure', '5f191e40228a7dd9a0f79cda89225b8dce57080eb8a363febea2ece4b947f8a1', '1234', '17', '2015-08-17 17:41:01', '', '0000-00-00 00:00:00', 5, '2015-09-06 15:11:11'),
(31, 'Egbuchulem', 'Chidi', 'M', 'megbuchulem@gmail.com', '08036705659', '3', 'megbuchulem@nazbel', 'dc1fc0e051b173d186da815ae67789bedba2d3ffe85744371f50e4eadc591e32', '1234', '17', '2015-08-19 08:36:55', '', '0000-00-00 00:00:00', 5, '2015-08-31 07:39:33'),
(32, 'Eberendu', 'Cajetan', '', '', '09036769337', '4', 'cj@eberendu', '6baad6f126fa53233f5120dd32225d4a9eeaea26dce58789f0b3b6efcdb0dadb', '1234', '17', '2015-08-21 09:35:28', '', '0000-00-00 00:00:00', 5, '0000-00-00 00:00:00'),
(33, 'Ike', 'Nwosu', '', '', '08035433164', '4', 'ikenwosu@nazbel', '6baad6f126fa53233f5120dd32225d4a9eeaea26dce58789f0b3b6efcdb0dadb', '1234', '17', '2015-08-21 09:43:06', '', '0000-00-00 00:00:00', 5, '0000-00-00 00:00:00'),
(34, 'Nwosu', 'Silas', '', '', '08033289761', '4', 'nwosu@IGI', '6baad6f126fa53233f5120dd32225d4a9eeaea26dce58789f0b3b6efcdb0dadb', '1234', '17', '2015-08-21 09:47:21', '', '0000-00-00 00:00:00', 5, '0000-00-00 00:00:00'),
(35, 'Asimole', 'Ben', '', '', '08033410500', '4', 'ben@fin', '6baad6f126fa53233f5120dd32225d4a9eeaea26dce58789f0b3b6efcdb0dadb', '1234', '17', '2015-08-21 09:49:36', '', '0000-00-00 00:00:00', 5, '0000-00-00 00:00:00'),
(36, 'Nzerem', 'Barth', '', '', '08037700485', '4', 'nzerem@bir', '6baad6f126fa53233f5120dd32225d4a9eeaea26dce58789f0b3b6efcdb0dadb', '1234', '17', '2015-08-21 09:53:13', '17', '2015-09-06 14:20:04', 0, '0000-00-00 00:00:00'),
(37, 'Unegbu', 'Assumpta', 'C', '', '08038662801', '3', 'unegbu@nazbel', '523a4161cf143175c0d586c56f11f334498cd1b2bc059667d8e0461c12dc0e59', '1234', '17', '2015-08-21 10:15:14', '17', '2015-08-31 09:56:52', 0, '2015-09-28 06:46:53'),
(38, 'KANU', 'CHINYERE', 'JANE', 'vchimnoya@yahoo.com', '08037477029', '3', 'chinyere@universal', '57185e7a72f9579e83bf583596c2a9dcafcc361fd7b01ffbee84620f1e4e289a', '1234', '17', '2015-09-04 16:48:09', '', '0000-00-00 00:00:00', 5, '2015-09-30 14:49:45'),
(39, 'sdfsf', 'sdfsdf', 'sdfsdf', 'bgsdfsdfsdf@sdfsdf.com', '4245634634534', '4', 'xxxxx', '15d0a08f5c3dc14213e26f61136c33a0e0d29c61e8e6e3c281b09a92837f3026', '1234', '2', '2016-01-26 06:25:11', '', '0000-00-00 00:00:00', 5, '0000-00-00 00:00:00');

-- --------------------------------------------------------

--
-- Table structure for table `admins_groups`
--

CREATE TABLE IF NOT EXISTS `admins_groups` (
  `group_id` int(11) NOT NULL AUTO_INCREMENT,
  `name` varchar(100) NOT NULL,
  `rights` text NOT NULL,
  `description` text NOT NULL,
  `modifiedon` datetime NOT NULL,
  `modifiedby` varchar(20) NOT NULL,
  PRIMARY KEY (`group_id`)
) ENGINE=InnoDB  DEFAULT CHARSET=latin1 AUTO_INCREMENT=6 ;

--
-- Dumping data for table `admins_groups`
--

INSERT INTO `admins_groups` (`group_id`, `name`, `rights`, `description`, `modifiedon`, `modifiedby`) VALUES
(1, 'Administrator Users', '| policies_add| policies_view| policies_edit_holder| policies_edit_vehicle| policies_renew| policies_certificates| policies_niid| offenders_add| offenders_view_current| offenders_view_cleared| offenders_clear| claims_add| claims_view| claims_update| reports_policies| reports_offenders| reports_claims| reports_revenues| users_add| users_view| users_edit| users_groups| settings', 'The people doing things right', '2015-08-22 08:50:22', '17'),
(2, 'Professionals', '', 'thsi a asfda', '2015-08-10 13:56:27', '2'),
(3, 'IMO STATE TELLERS', '| policies_add| policies_view| policies_renew| policies_certificates| offenders_add| offenders_view_current| offenders_view_cleared', 'E-INURE 3RD PARTY MOTOR INSURANCE SCHEME, IMO STATE', '2015-08-21 09:25:12', '17'),
(4, 'IMO STATE Consortium ', '| policies_add| policies_view| policies_renew| policies_certificates| offenders_add| offenders_view_current| offenders_view_cleared| claims_add| claims_view| reports_policies| reports_offenders| reports_claims| reports_revenues', 'Supervisors', '2015-09-06 14:12:45', '17'),
(5, 'Sole Administrator', '| policies_add| policies_view| policies_edit_holder| policies_edit_vehicle| policies_renew| policies_certificates| policies_niid| offenders_add| offenders_view_current| offenders_view_cleared| offenders_clear| claims_add| claims_view| claims_update| reports_policies| reports_offenders| reports_claims| reports_revenues| users_add| users_view| users_edit| users_groups| settings', 'MD/CEO', '2015-09-01 14:45:49', '17');

-- --------------------------------------------------------

--
-- Table structure for table `dealers`
--

CREATE TABLE IF NOT EXISTS `dealers` (
  `dealer_id` int(11) NOT NULL AUTO_INCREMENT,
  `manager_id` varchar(30) NOT NULL,
  `company` varchar(50) NOT NULL,
  `surname` varchar(30) NOT NULL,
  `firstname` varchar(30) NOT NULL,
  `email` varchar(30) NOT NULL,
  `phone` varchar(30) NOT NULL,
  `address` varchar(30) NOT NULL,
  `city` varchar(30) NOT NULL,
  `state` varchar(30) NOT NULL,
  `country` varchar(30) NOT NULL,
  `username` varchar(50) NOT NULL,
  `password` text NOT NULL,
  `thedate` datetime NOT NULL,
  `status` int(11) NOT NULL DEFAULT '5',
  PRIMARY KEY (`dealer_id`),
  UNIQUE KEY `username` (`username`),
  KEY `code` (`manager_id`),
  KEY `company` (`company`)
) ENGINE=InnoDB  DEFAULT CHARSET=latin1 AUTO_INCREMENT=14 ;

--
-- Dumping data for table `dealers`
--

INSERT INTO `dealers` (`dealer_id`, `manager_id`, `company`, `surname`, `firstname`, `email`, `phone`, `address`, `city`, `state`, `country`, `username`, `password`, `thedate`, `status`) VALUES
(1, '', 'ABC COmpany ssx', 'Okona', 'Bright', 'bright@brightokona.com', '08035137033', 'Isolo', 'Lagos', 'Imo', 'Ngor-Okpala', 'ABC1234XZ', 'ac6ad6be092475b1b77b13f9a4e3eed89d4c1388ff54e42234fd2b6812e4c208', '2016-01-25 00:00:00', 5),
(2, '', '', 'sdfs fs d', 'sdf sd', 'sdfs', 'dfsdf', 'sdfsdf', 'sdfs', 'sdfsdf', '', 'sdfs22', 'dfsdf', '2016-01-25 00:00:00', 0),
(3, '', '', 'sdfsdf', 'sdfsdfs', 'bright@brightokona.com', '08035137033', 'sdfsdf', 'sdfsdf', 'Imo', 'Mbaitoli', 'AB235fd', 'se', '2016-01-29 00:00:00', 0),
(4, '', '', 'sfs', 'dfsdf', 'store1@yahoo.com', '08035137033', 'sdfsdf', 'sdfsd', 'Imo', 'Ihitte/Uboma', 'sdf', 'sdfsd', '2016-01-29 00:00:00', 0),
(5, '', 'sdfsdf', 'sdfsd', 'sdfsd', 'sdfsdasd@sdfsdf', '4235325252', 'fsdfsd', 'sdfs', 'dfsdf', 'sdfsdf', 'sdfs', '1456008699', '2016-02-20 00:00:00', 0),
(6, '', 'Ceejay Communications', 'Bright', 'Okona', 'bright@brightokona.com', '0894353465353', 'isolo', 'Isolo', 'Lagos', 'Nigeria', 'brightokona', '1456009370', '2016-02-21 00:00:00', 5),
(7, '', 'sdfsdfs', 'sdfs', 'dfsdfsd', 'sdfsdsdgsdfseddd@fgsdgs.com', '4364643643', 'sdfsdf', 'sdfs', 'dfsdfs', 'sdfsdf', 'bright11', 'ac6ad6be092475b1b77b13f9a4e3eed89d4c1388ff54e42234fd2b6812e4c208', '2016-02-21 00:00:00', 5),
(8, '7', 'sdfsdf', 'sdfsdf', 'sdfs', 'sdfsdsdgsdfs@sfgsfgdfg.com', '4353242522424', 'dfsdf', 'sdfs', 'dfsdf', 'sdfsdfs', 'ssddss', 'ac6ad6be092475b1b77b13f9a4e3eed89d4c1388ff54e42234fd2b6812e4c208', '2016-02-21 00:00:00', 5),
(9, '7', 'BBCC sub dealer', 'a sdasda d', 'asd asda', 'sfdfssdfsdf@sdfsdf.sd', '4647633636', 'as asda s', 'as asd a', 'as asda s', 'as asda s', 'ddffdsds', 'ac6ad6be092475b1b77b13f9a4e3eed89d4c1388ff54e42234fd2b6812e4c208', '2016-02-21 00:00:00', 2),
(10, '', 'sdsdasd', 'asdasd', 'asdasd', 'asdfadfasfa@dfgsfgsfgsd.com', '36536354344', 'asda', 'asda', 'sdasd', 'asdas', 'brightokona12', 'ac6ad6be092475b1b77b13f9a4e3eed89d4c1388ff54e42234fd2b6812e4c208', '2016-02-21 00:00:00', 5),
(11, '10', 'sdfsdfs f changed2', 'sdf sdf ', 's dfsd fs', 'sdfsdfsdfsdfs@sdfsdf.com', '454645355545', 's dfs d', 's dfs d', 's dfs', 's dfsdf', 'bbsub', 'ac6ad6be092475b1b77b13f9a4e3eed89d4c1388ff54e42234fd2b6812e4c208', '2016-02-21 00:00:00', 2),
(12, '10', 'Change a retailer', 'sd sdfs ', 'dfsdfsd', 'sdfsdfsdfsdfs@sdfsdf.com', '43647868675', 'f sdfsdf ', 's fsd', 'fs dfsdf', 'sd fsdf', 'ret11', 'ac6ad6be092475b1b77b13f9a4e3eed89d4c1388ff54e42234fd2b6812e4c208', '2016-02-21 00:00:00', 2),
(13, '1', 'Ceejay Communications', 'Okona', 'Bright', 'fdfdfsds@sdfsdfsd.com', '55141125211', 'f sd fsd', 'sd fsd ', 'fsdfs d', 'Nigeria', 'sdfsdfs', 'ac6ad6be092475b1b77b13f9a4e3eed89d4c1388ff54e42234fd2b6812e4c208', '2017-06-28 00:00:00', 5);

-- --------------------------------------------------------

--
-- Table structure for table `dealers_status`
--

CREATE TABLE IF NOT EXISTS `dealers_status` (
  `id` int(11) NOT NULL AUTO_INCREMENT,
  `dealer_id` varchar(20) NOT NULL,
  `status` int(11) NOT NULL,
  `reason` text NOT NULL,
  `thedate` datetime NOT NULL,
  `modifiedby_type` int(11) NOT NULL,
  `modifiedby_id` varchar(20) NOT NULL,
  PRIMARY KEY (`id`),
  KEY `officer_id` (`dealer_id`)
) ENGINE=InnoDB  DEFAULT CHARSET=latin1 AUTO_INCREMENT=22 ;

--
-- Dumping data for table `dealers_status`
--

INSERT INTO `dealers_status` (`id`, `dealer_id`, `status`, `reason`, `thedate`, `modifiedby_type`, `modifiedby_id`) VALUES
(7, '1', 2, 'test and worked', '2016-01-26 02:48:49', 0, 'FAKELOGINFOUND'),
(8, '6', 2, 'sdf sdfsd fs', '2016-02-21 01:49:33', 0, ''),
(9, '6', 5, 'sdf sdgsd s', '2016-02-21 02:19:26', 0, ''),
(10, '9', 2, 'sdf sdfsd s', '2016-02-21 06:57:00', 0, '7'),
(11, '11', 2, 'test active', '2016-02-21 07:18:27', 0, '10'),
(12, '11', 5, 'sfs df', '2016-02-21 07:18:53', 0, '10'),
(13, '11', 2, 'test active', '2016-02-21 07:22:13', 0, '10'),
(14, '11', 5, 'dsds', '2016-02-21 07:24:50', 0, '10'),
(15, '11', 2, 'sdf s', '2016-02-21 07:27:50', 0, '10'),
(16, '12', 2, 'fdfdfd', '2016-02-21 07:50:49', 0, '11'),
(17, '13', 2, 'xfgsdg fsd', '2017-06-28 18:28:22', 0, '2'),
(18, '13', 5, 'df dsd ', '2017-06-28 18:32:19', 0, '2'),
(19, '1', 5, 'rtryt', '2017-06-29 10:34:12', 0, ''),
(20, '13', 2, 'dfasda', '2017-06-29 11:07:46', 0, '2'),
(21, '13', 5, 'sd fsd', '2017-06-29 11:08:21', 0, '2');

-- --------------------------------------------------------

--
-- Table structure for table `logins`
--

CREATE TABLE IF NOT EXISTS `logins` (
  `id` int(11) NOT NULL AUTO_INCREMENT,
  `dealer_id` varchar(20) NOT NULL,
  `ip` varchar(30) NOT NULL,
  `device` varchar(50) NOT NULL,
  `thedate` date NOT NULL,
  UNIQUE KEY `code` (`id`)
) ENGINE=InnoDB  DEFAULT CHARSET=latin1 AUTO_INCREMENT=1375061360 ;

--
-- Dumping data for table `logins`
--

INSERT INTO `logins` (`id`, `dealer_id`, `ip`, `device`, `thedate`) VALUES
(1375060751, '17', '41.190.3.112', 'Mozilla/5.0 (Windows NT 6.2; WOW64; rv:39.0) Gecko', '2015-08-14'),
(1375060752, '17', '41.86.137.223', 'Mozilla/5.0 (Windows NT 10.0; WOW64) AppleWebKit/5', '2015-08-15'),
(1375060753, '17', '41.206.12.54', 'Mozilla/5.0 (Windows NT 6.1) AppleWebKit/536.10 (K', '2015-08-17'),
(1375060754, '17', '41.206.12.39', 'Mozilla/5.0 (Windows NT 6.1) AppleWebKit/536.10 (K', '2015-08-17'),
(1375060755, '17', '41.58.103.48', 'Mozilla/5.0 (Windows NT 10.0; WOW64) AppleWebKit/5', '2015-08-17'),
(1375060756, '21', '41.206.12.39', 'Mozilla/5.0 (Windows NT 6.1) AppleWebKit/536.10 (K', '2015-08-17'),
(1375060757, '17', '41.206.12.39', 'Mozilla/5.0 (Windows NT 6.1) AppleWebKit/536.10 (K', '2015-08-17'),
(1375060758, '21', '197.210.224.54', 'Mozilla/5.0 (Windows NT 6.3; WOW64; rv:39.0) Gecko', '2015-08-17'),
(1375060759, '20', '41.206.11.6', 'Mozilla/5.0 (Windows NT 6.2; WOW64) AppleWebKit/53', '2015-08-17'),
(1375060760, '17', '41.58.103.48', 'Mozilla/5.0 (Windows NT 10.0; WOW64) AppleWebKit/5', '2015-08-17'),
(1375060761, '17', '41.206.11.6', 'Mozilla/5.0 (Windows NT 6.2; WOW64) AppleWebKit/53', '2015-08-17'),
(1375060762, '17', '41.220.69.104', 'Mozilla/5.0 (Windows NT 6.2; WOW64) AppleWebKit/53', '2015-08-17'),
(1375060763, '17', '41.58.103.48', 'Mozilla/5.0 (Windows NT 10.0; WOW64) AppleWebKit/5', '2015-08-17'),
(1375060764, '18', '41.190.2.176', 'Mozilla/5.0 (Windows NT 6.1; rv:26.0) Gecko/201001', '2015-08-17'),
(1375060765, '20', '197.210.224.183', 'Mozilla/5.0 (Windows NT 6.1) AppleWebKit/537.22 (K', '2015-08-17'),
(1375060766, '20', '197.210.224.213', 'Mozilla/5.0 (Windows NT 6.1) AppleWebKit/537.22 (K', '2015-08-17'),
(1375060767, '20', '197.210.224.213', 'Mozilla/5.0 (Windows NT 6.1) AppleWebKit/537.22 (K', '2015-08-17'),
(1375060768, '18', '41.190.3.11', 'Mozilla/5.0 (Windows NT 6.1; rv:26.0) Gecko/201001', '2015-08-17'),
(1375060769, '20', '41.220.69.183', 'Mozilla/5.0 (Windows NT 6.1) AppleWebKit/537.22 (K', '2015-08-17'),
(1375060770, '23', '41.220.69.33', 'Mozilla/5.0 (Windows NT 6.1; rv:39.0) Gecko/201001', '2015-08-17'),
(1375060771, '20', '41.206.11.54', 'Mozilla/5.0 (Windows NT 6.1) AppleWebKit/537.22 (K', '2015-08-17'),
(1375060772, '25', '41.58.103.48', 'Mozilla/5.0 (Windows NT 10.0; WOW64) AppleWebKit/5', '2015-08-17'),
(1375060773, '23', '41.206.11.6', 'Mozilla/5.0 (Windows NT 6.1; rv:39.0) Gecko/201001', '2015-08-17'),
(1375060774, '20', '197.210.224.203', 'Mozilla/5.0 (Windows NT 6.1) AppleWebKit/537.22 (K', '2015-08-17'),
(1375060775, '23', '41.220.69.158', 'Mozilla/5.0 (Windows NT 6.1; rv:39.0) Gecko/201001', '2015-08-17'),
(1375060776, '20', '41.206.11.50', 'Mozilla/5.0 (Windows NT 6.1) AppleWebKit/537.22 (K', '2015-08-17'),
(1375060777, '17', '197.210.224.207', 'Mozilla/5.0 (Windows NT 6.2; WOW64) AppleWebKit/53', '2015-08-17'),
(1375060778, '17', '41.206.11.48', 'Mozilla/5.0 (Windows NT 6.2; WOW64) AppleWebKit/53', '2015-08-17'),
(1375060779, '17', '41.86.139.85', 'Mozilla/5.0 (Windows NT 10.0; WOW64) AppleWebKit/5', '2015-08-17'),
(1375060780, '17', '41.86.139.85', 'Mozilla/5.0 (Windows NT 10.0; WOW64) AppleWebKit/5', '2015-08-17'),
(1375060781, '25', '41.86.139.85', 'Mozilla/5.0 (Windows NT 10.0; WOW64) AppleWebKit/5', '2015-08-17'),
(1375060782, '17', '41.190.2.26', 'Mozilla/5.0 (Windows NT 6.2; WOW64; rv:39.0) Gecko', '2015-08-17'),
(1375060783, '20', '41.220.69.185', 'Mozilla/5.0 (Windows NT 6.1) AppleWebKit/537.22 (K', '2015-08-18'),
(1375060784, '20', '41.220.69.185', 'Mozilla/5.0 (Windows NT 6.1) AppleWebKit/537.22 (K', '2015-08-18'),
(1375060785, '23', '41.206.12.68', 'Mozilla/5.0 (Windows NT 6.1) AppleWebKit/537.36 (K', '2015-08-18'),
(1375060786, '18', '41.190.3.44', 'Mozilla/5.0 (Windows NT 6.1; rv:26.0) Gecko/201001', '2015-08-18'),
(1375060787, '20', '41.220.69.187', 'Mozilla/5.0 (Windows NT 6.1) AppleWebKit/537.22 (K', '2015-08-18'),
(1375060788, '20', '197.210.224.164', 'Mozilla/5.0 (Windows NT 6.1) AppleWebKit/537.22 (K', '2015-08-18'),
(1375060789, '18', '41.190.3.4', 'Mozilla/5.0 (Windows NT 6.1; rv:26.0) Gecko/201001', '2015-08-18'),
(1375060790, '23', '197.210.224.167', 'Mozilla/5.0 (Windows NT 6.1; rv:39.0) Gecko/201001', '2015-08-18'),
(1375060791, '20', '41.220.69.113', 'Mozilla/5.0 (Windows NT 6.1) AppleWebKit/537.22 (K', '2015-08-18'),
(1375060792, '23', '41.206.11.220', 'Mozilla/5.0 (Windows NT 6.1; rv:39.0) Gecko/201001', '2015-08-18'),
(1375060793, '20', '197.210.224.183', 'Mozilla/5.0 (Windows NT 6.1) AppleWebKit/537.36 (K', '2015-08-18'),
(1375060794, '20', '41.220.69.178', 'Mozilla/5.0 (Windows NT 6.1) AppleWebKit/537.36 (K', '2015-08-18'),
(1375060795, '23', '197.210.224.192', 'Mozilla/5.0 (Windows NT 6.1; rv:39.0) Gecko/201001', '2015-08-18'),
(1375060796, '20', '197.210.224.177', 'Mozilla/5.0 (Windows NT 6.1) AppleWebKit/537.36 (K', '2015-08-18'),
(1375060797, '23', '41.206.11.196', 'Mozilla/5.0 (Windows NT 6.1; rv:39.0) Gecko/201001', '2015-08-18'),
(1375060798, '18', '41.190.2.128', 'Mozilla/5.0 (Windows NT 6.1; rv:26.0) Gecko/201001', '2015-08-19'),
(1375060799, '20', '41.206.12.48', 'Mozilla/5.0 (Windows NT 6.1) AppleWebKit/537.36 (K', '2015-08-19'),
(1375060800, '17', '41.220.69.162', 'Mozilla/5.0 (Windows NT 6.2; WOW64) AppleWebKit/53', '2015-08-19'),
(1375060801, '20', '41.206.11.44', 'Mozilla/5.0 (Windows NT 6.1) AppleWebKit/537.36 (K', '2015-08-19'),
(1375060802, '23', '41.206.11.25', 'Mozilla/5.0 (Windows NT 6.1; rv:39.0) Gecko/201001', '2015-08-19'),
(1375060803, '18', '41.190.3.244', 'Mozilla/5.0 (Windows NT 6.1; rv:26.0) Gecko/201001', '2015-08-19'),
(1375060804, '20', '197.210.224.86', 'Mozilla/5.0 (Windows NT 6.1) AppleWebKit/537.36 (K', '2015-08-19'),
(1375060805, '20', '41.206.11.28', 'Mozilla/5.0 (Windows NT 6.1) AppleWebKit/537.36 (K', '2015-08-19'),
(1375060806, '18', '41.220.69.163', 'Mozilla/5.0 (Windows NT 6.1) AppleWebKit/537.36 (K', '2015-08-19'),
(1375060807, '18', '41.206.11.44', 'Mozilla/5.0 (Windows NT 6.1) AppleWebKit/537.36 (K', '2015-08-19'),
(1375060808, '18', '197.210.224.186', 'Mozilla/5.0 (Windows NT 6.1) AppleWebKit/537.36 (K', '2015-08-19'),
(1375060809, '20', '197.210.224.186', 'Mozilla/5.0 (Windows NT 6.1) AppleWebKit/537.36 (K', '2015-08-19'),
(1375060810, '18', '197.210.224.186', 'Mozilla/5.0 (Windows NT 6.1) AppleWebKit/537.36 (K', '2015-08-19'),
(1375060811, '20', '197.210.224.168', 'Mozilla/5.0 (Windows NT 6.1) AppleWebKit/537.36 (K', '2015-08-19'),
(1375060812, '18', '197.210.224.55', 'Mozilla/5.0 (Windows NT 6.1) AppleWebKit/537.36 (K', '2015-08-19'),
(1375060813, '18', '197.210.224.55', 'Mozilla/5.0 (Windows NT 6.1) AppleWebKit/537.36 (K', '2015-08-19'),
(1375060814, '18', '197.210.224.55', 'Mozilla/5.0 (Windows NT 6.1) AppleWebKit/537.36 (K', '2015-08-19'),
(1375060815, '20', '197.210.224.55', 'Mozilla/5.0 (Windows NT 6.1) AppleWebKit/537.36 (K', '2015-08-19'),
(1375060816, '23', '41.206.11.78', 'Mozilla/5.0 (Windows NT 6.1; rv:39.0) Gecko/201001', '2015-08-19'),
(1375060817, '18', '197.210.224.55', 'Mozilla/5.0 (Windows NT 6.1) AppleWebKit/537.36 (K', '2015-08-19'),
(1375060818, '18', '41.206.11.199', 'Mozilla/5.0 (Windows NT 6.1) AppleWebKit/537.36 (K', '2015-08-19'),
(1375060819, '18', '197.210.224.109', 'Mozilla/5.0 (Windows NT 6.1) AppleWebKit/537.36 (K', '2015-08-19'),
(1375060820, '20', '197.210.224.109', 'Mozilla/5.0 (Windows NT 6.1) AppleWebKit/537.36 (K', '2015-08-19'),
(1375060821, '20', '197.210.224.109', 'Mozilla/5.0 (Windows NT 6.1) AppleWebKit/537.36 (K', '2015-08-19'),
(1375060822, '20', '197.210.224.109', 'Mozilla/5.0 (Windows NT 6.1) AppleWebKit/537.36 (K', '2015-08-19'),
(1375060823, '18', '41.206.12.34', 'Mozilla/5.0 (Windows NT 6.1) AppleWebKit/537.36 (K', '2015-08-19'),
(1375060824, '31', '41.220.69.124', 'Mozilla/5.0 (Windows NT 6.1; rv:39.0) Gecko/201001', '2015-08-19'),
(1375060825, '20', '41.206.12.34', 'Mozilla/5.0 (Windows NT 6.1) AppleWebKit/537.36 (K', '2015-08-19'),
(1375060826, '18', '41.206.12.34', 'Mozilla/5.0 (Windows NT 6.1) AppleWebKit/537.36 (K', '2015-08-19'),
(1375060827, '18', '41.206.11.15', 'Mozilla/5.0 (Windows NT 6.1) AppleWebKit/537.36 (K', '2015-08-19'),
(1375060828, '20', '41.206.11.15', 'Mozilla/5.0 (Windows NT 6.1) AppleWebKit/537.36 (K', '2015-08-19'),
(1375060829, '20', '197.210.224.74', 'Mozilla/5.0 (Windows NT 6.1) AppleWebKit/537.36 (K', '2015-08-19'),
(1375060830, '23', '41.220.69.153', 'Mozilla/5.0 (Windows NT 6.1; rv:39.0) Gecko/201001', '2015-08-19'),
(1375060831, '31', '41.220.69.119', 'Mozilla/5.0 (Windows NT 6.1; rv:39.0) Gecko/201001', '2015-08-19'),
(1375060832, '17', '41.220.69.174', 'Mozilla/5.0 (Windows NT 6.1) AppleWebKit/537.36 (K', '2015-08-19'),
(1375060833, '31', '197.210.224.59', 'Mozilla/5.0 (Windows NT 6.1; rv:39.0) Gecko/201001', '2015-08-19'),
(1375060834, '21', '105.112.8.143', 'Mozilla/5.0 (Linux; U; Android 4.2.1; en-gb; TECNO', '2015-08-20'),
(1375060835, '18', '41.190.2.47', 'Mozilla/5.0 (Windows NT 6.1; rv:17.0) Gecko/201001', '2015-08-20'),
(1375060836, '20', '197.210.224.175', 'Mozilla/5.0 (Windows NT 6.1) AppleWebKit/537.36 (K', '2015-08-20'),
(1375060837, '20', '197.210.224.93', 'Mozilla/5.0 (Windows NT 6.1) AppleWebKit/537.36 (K', '2015-08-20'),
(1375060838, '18', '41.190.2.6', 'Mozilla/5.0 (Windows NT 6.1; rv:17.0) Gecko/201001', '2015-08-20'),
(1375060839, '20', '197.210.224.74', 'Mozilla/5.0 (Windows NT 6.1) AppleWebKit/537.36 (K', '2015-08-20'),
(1375060840, '18', '41.190.3.171', 'Mozilla/5.0 (Windows NT 6.1; rv:26.0) Gecko/201001', '2015-08-20'),
(1375060841, '20', '41.206.12.55', 'Mozilla/5.0 (Windows NT 6.1) AppleWebKit/537.36 (K', '2015-08-20'),
(1375060842, '18', '41.190.2.25', 'Mozilla/5.0 (Windows NT 6.1; rv:26.0) Gecko/201001', '2015-08-20'),
(1375060843, '19', '197.210.224.203', 'Mozilla/5.0 (Windows NT 6.2; WOW64; rv:39.0) Gecko', '2015-08-20'),
(1375060844, '19', '197.210.224.203', 'Mozilla/5.0 (Windows NT 6.2; WOW64; rv:39.0) Gecko', '2015-08-20'),
(1375060845, '20', '41.206.11.199', 'Mozilla/5.0 (Windows NT 6.1) AppleWebKit/537.36 (K', '2015-08-20'),
(1375060846, '18', '41.190.2.111', 'Mozilla/5.0 (Windows NT 6.1; rv:26.0) Gecko/201001', '2015-08-20'),
(1375060847, '19', '197.210.224.73', 'Mozilla/5.0 (Windows NT 6.2; WOW64; rv:39.0) Gecko', '2015-08-20'),
(1375060848, '17', '41.206.11.49', 'Mozilla/5.0 (Windows NT 6.2; WOW64) AppleWebKit/53', '2015-08-20'),
(1375060849, '20', '41.206.11.14', 'Mozilla/5.0 (Windows NT 6.1) AppleWebKit/537.36 (K', '2015-08-20'),
(1375060850, '20', '41.220.69.120', 'Mozilla/5.0 (Windows NT 6.1) AppleWebKit/537.36 (K', '2015-08-20'),
(1375060851, '17', '41.190.3.142', 'Mozilla/5.0 (Windows NT 6.2; WOW64; rv:40.0) Gecko', '2015-08-20'),
(1375060852, '20', '41.206.11.186', 'Mozilla/5.0 (Windows NT 6.1) AppleWebKit/537.36 (K', '2015-08-20'),
(1375060853, '20', '41.206.11.186', 'Mozilla/5.0 (Windows NT 6.1) AppleWebKit/537.36 (K', '2015-08-20'),
(1375060854, '19', '41.220.68.70', 'Mozilla/5.0 (Windows NT 6.2; WOW64; rv:39.0) Gecko', '2015-08-20'),
(1375060855, '20', '41.206.11.57', 'Mozilla/5.0 (Windows NT 6.1) AppleWebKit/537.36 (K', '2015-08-20'),
(1375060856, '20', '197.210.224.216', 'Mozilla/5.0 (Windows NT 6.1) AppleWebKit/537.36 (K', '2015-08-20'),
(1375060857, '31', '197.210.224.81', 'Mozilla/5.0 (Windows NT 6.1; rv:39.0) Gecko/201001', '2015-08-20'),
(1375060858, '20', '197.210.224.90', 'Mozilla/5.0 (Windows NT 6.1) AppleWebKit/537.36 (K', '2015-08-20'),
(1375060859, '20', '197.210.224.207', 'Mozilla/5.0 (Windows NT 6.1) AppleWebKit/537.36 (K', '2015-08-20'),
(1375060860, '17', '41.190.2.232', 'Mozilla/5.0 (Windows NT 6.2; WOW64; rv:40.0) Gecko', '2015-08-20'),
(1375060861, '31', '41.190.2.70', 'Mozilla/5.0 (Windows NT 6.1; rv:39.0) Gecko/201001', '2015-08-21'),
(1375060862, '31', '197.210.224.203', 'Mozilla/5.0 (Windows NT 6.1; rv:39.0) Gecko/201001', '2015-08-21'),
(1375060863, '31', '41.220.69.190', 'Opera/9.80 (Windows NT 6.1; U; en) Presto/2.10.289', '2015-08-21'),
(1375060864, '20', '197.210.224.56', 'Mozilla/5.0 (Windows NT 6.1) AppleWebKit/537.36 (K', '2015-08-21'),
(1375060865, '18', '41.190.2.66', 'Mozilla/5.0 (Windows NT 6.1; rv:26.0) Gecko/201001', '2015-08-21'),
(1375060866, '20', '41.206.11.198', 'Mozilla/5.0 (Windows NT 6.1) AppleWebKit/537.36 (K', '2015-08-21'),
(1375060867, '18', '41.190.3.67', 'Mozilla/5.0 (Windows NT 6.1; rv:26.0) Gecko/201001', '2015-08-21'),
(1375060868, '18', '41.190.2.6', 'Mozilla/5.0 (Windows NT 6.1; rv:26.0) Gecko/201001', '2015-08-21'),
(1375060869, '20', '41.220.69.183', 'Mozilla/5.0 (Windows NT 6.1) AppleWebKit/537.36 (K', '2015-08-21'),
(1375060870, '17', '197.210.224.80', 'Mozilla/5.0 (Windows NT 6.2; WOW64) AppleWebKit/53', '2015-08-21'),
(1375060871, '20', '197.210.224.92', 'Mozilla/5.0 (Windows NT 6.1) AppleWebKit/537.36 (K', '2015-08-21'),
(1375060872, '20', '197.210.224.92', 'Mozilla/5.0 (Windows NT 6.1) AppleWebKit/537.36 (K', '2015-08-21'),
(1375060873, '19', '41.206.11.35', 'Mozilla/5.0 (Windows NT 6.2; WOW64; rv:40.0) Gecko', '2015-08-21'),
(1375060874, '18', '41.206.11.76', 'Mozilla/5.0 (Windows NT 6.1) AppleWebKit/537.36 (K', '2015-08-21'),
(1375060875, '18', '41.190.3.23', 'Mozilla/5.0 (Windows NT 6.1; rv:26.0) Gecko/201001', '2015-08-21'),
(1375060876, '20', '41.206.11.52', 'Mozilla/5.0 (Windows NT 6.1) AppleWebKit/537.36 (K', '2015-08-21'),
(1375060877, '2', '41.190.2.232', 'Mozilla/5.0 (Windows NT 6.2; WOW64; rv:40.0) Gecko', '2015-08-21'),
(1375060878, '18', '197.210.224.216', 'Mozilla/5.0 (Windows NT 6.1) AppleWebKit/537.36 (K', '2015-08-21'),
(1375060879, '25', '41.58.233.8', 'Mozilla/5.0 (Windows NT 10.0; WOW64) AppleWebKit/5', '2015-08-21'),
(1375060880, '20', '197.210.224.216', 'Mozilla/5.0 (Windows NT 6.1) AppleWebKit/537.36 (K', '2015-08-21'),
(1375060881, '17', '41.58.233.8', 'Mozilla/5.0 (Windows NT 10.0; WOW64) AppleWebKit/5', '2015-08-21'),
(1375060882, '18', '197.210.224.216', 'Mozilla/5.0 (Windows NT 6.1) AppleWebKit/537.36 (K', '2015-08-21'),
(1375060883, '17', '41.190.2.232', 'Mozilla/5.0 (Windows NT 6.2; WOW64; rv:40.0) Gecko', '2015-08-21'),
(1375060884, '25', '41.190.2.232', 'Mozilla/5.0 (Windows NT 6.2; WOW64) AppleWebKit/53', '2015-08-21'),
(1375060885, '25', '41.58.233.8', 'Mozilla/5.0 (Windows NT 10.0; WOW64) AppleWebKit/5', '2015-08-21'),
(1375060886, '37', '197.210.224.96', 'Mozilla/5.0 (Windows NT 6.1) AppleWebKit/537.36 (K', '2015-08-21'),
(1375060887, '18', '41.206.12.55', 'Mozilla/5.0 (Windows NT 6.1) AppleWebKit/537.36 (K', '2015-08-21'),
(1375060888, '21', '41.220.68.42', 'Mozilla/5.0 (Windows NT 6.3; WOW64; rv:39.0) Gecko', '2015-08-21'),
(1375060889, '18', '41.190.2.114', 'Mozilla/5.0 (Windows NT 6.1; rv:26.0) Gecko/201001', '2015-08-21'),
(1375060890, '20', '197.210.224.79', 'Mozilla/5.0 (Windows NT 6.1) AppleWebKit/537.36 (K', '2015-08-21'),
(1375060891, '20', '197.210.224.212', 'Mozilla/5.0 (Windows NT 6.1) AppleWebKit/537.36 (K', '2015-08-21'),
(1375060892, '18', '41.190.3.63', 'Mozilla/5.0 (Windows NT 6.1; rv:26.0) Gecko/201001', '2015-08-21'),
(1375060893, '20', '41.206.11.38', 'Mozilla/5.0 (Windows NT 6.1) AppleWebKit/537.36 (K', '2015-08-21'),
(1375060894, '20', '41.220.69.111', 'Mozilla/5.0 (Windows NT 6.1) AppleWebKit/537.36 (K', '2015-08-21'),
(1375060895, '18', '41.190.2.15', 'Mozilla/5.0 (Windows NT 6.1; rv:26.0) Gecko/201001', '2015-08-21'),
(1375060896, '18', '197.210.224.97', 'Mozilla/5.0 (Windows NT 6.1) AppleWebKit/537.36 (K', '2015-08-21'),
(1375060897, '20', '197.210.224.97', 'Mozilla/5.0 (Windows NT 6.1) AppleWebKit/537.36 (K', '2015-08-21'),
(1375060898, '31', '41.220.69.184', 'Mozilla/5.0 (Windows NT 6.1; rv:39.0) Gecko/201001', '2015-08-21'),
(1375060899, '18', '41.190.2.61', 'Mozilla/5.0 (Windows NT 6.1; rv:26.0) Gecko/201001', '2015-08-21'),
(1375060900, '20', '41.206.11.14', 'Mozilla/5.0 (Windows NT 6.1) AppleWebKit/537.36 (K', '2015-08-21'),
(1375060901, '20', '197.210.224.107', 'Mozilla/5.0 (Windows NT 6.1) AppleWebKit/537.36 (K', '2015-08-21'),
(1375060902, '18', '41.190.2.62', 'Mozilla/5.0 (Windows NT 6.1; rv:17.0) Gecko/201001', '2015-08-21'),
(1375060903, '18', '41.206.12.59', 'Mozilla/5.0 (Windows NT 6.1) AppleWebKit/537.36 (K', '2015-08-21'),
(1375060904, '20', '41.206.11.182', 'Mozilla/5.0 (Windows NT 6.1) AppleWebKit/537.36 (K', '2015-08-21'),
(1375060905, '20', '41.206.11.182', 'Mozilla/5.0 (Windows NT 6.1) AppleWebKit/537.36 (K', '2015-08-21'),
(1375060906, '18', '41.206.11.182', 'Mozilla/5.0 (Windows NT 6.1) AppleWebKit/537.36 (K', '2015-08-21'),
(1375060907, '31', '41.220.69.165', 'Mozilla/5.0 (Windows NT 6.1; rv:39.0) Gecko/201001', '2015-08-21'),
(1375060908, '18', '41.220.69.167', 'Mozilla/5.0 (Windows NT 6.1) AppleWebKit/537.36 (K', '2015-08-24'),
(1375060909, '37', '41.220.69.167', 'Mozilla/5.0 (Windows NT 6.1) AppleWebKit/537.36 (K', '2015-08-24'),
(1375060910, '18', '41.220.69.167', 'Mozilla/5.0 (Windows NT 6.1) AppleWebKit/537.36 (K', '2015-08-24'),
(1375060911, '18', '197.210.224.102', 'Mozilla/5.0 (Windows NT 6.1) AppleWebKit/537.36 (K', '2015-08-24'),
(1375060912, '31', '41.206.12.71', 'Mozilla/5.0 (Windows NT 6.1; rv:39.0) Gecko/201001', '2015-08-24'),
(1375060913, '18', '41.220.69.124', 'Mozilla/5.0 (Windows NT 6.1) AppleWebKit/537.36 (K', '2015-08-24'),
(1375060914, '37', '197.210.224.163', 'Mozilla/5.0 (Windows NT 6.1) AppleWebKit/537.36 (K', '2015-08-24'),
(1375060915, '20', '41.206.11.25', 'Mozilla/5.0 (Windows NT 6.1) AppleWebKit/537.36 (K', '2015-08-24'),
(1375060916, '20', '41.220.68.63', 'Mozilla/5.0 (Windows NT 6.1) AppleWebKit/537.36 (K', '2015-08-24'),
(1375060917, '18', '41.190.2.136', 'Mozilla/5.0 (Windows NT 6.1; rv:26.0) Gecko/201001', '2015-08-24'),
(1375060918, '20', '41.206.11.26', 'Mozilla/5.0 (Windows NT 6.1) AppleWebKit/537.36 (K', '2015-08-24'),
(1375060919, '23', '197.210.224.59', 'Mozilla/5.0 (Windows NT 6.1; rv:25.0) Gecko/201001', '2015-08-24'),
(1375060920, '20', '41.206.12.65', 'Mozilla/5.0 (Windows NT 6.1) AppleWebKit/537.36 (K', '2015-08-24'),
(1375060921, '37', '41.206.12.65', 'Mozilla/5.0 (Windows NT 6.1) AppleWebKit/537.36 (K', '2015-08-24'),
(1375060922, '23', '197.210.224.59', 'Mozilla/5.0 (Windows NT 6.1; rv:25.0) Gecko/201001', '2015-08-24'),
(1375060923, '23', '41.220.69.153', 'Mozilla/5.0 (Windows NT 6.2; WOW64; rv:40.0) Gecko', '2015-08-24'),
(1375060924, '20', '41.206.12.65', 'Mozilla/5.0 (Windows NT 6.1) AppleWebKit/537.36 (K', '2015-08-24'),
(1375060925, '37', '41.220.69.109', 'Mozilla/5.0 (Windows NT 6.1) AppleWebKit/537.36 (K', '2015-08-24'),
(1375060926, '20', '41.206.12.58', 'Mozilla/5.0 (Windows NT 6.1) AppleWebKit/537.36 (K', '2015-08-24'),
(1375060927, '23', '41.206.11.218', 'Mozilla/5.0 (Windows NT 6.1; rv:39.0) Gecko/201001', '2015-08-24'),
(1375060928, '20', '41.206.11.82', 'Mozilla/5.0 (Windows NT 6.1) AppleWebKit/537.36 (K', '2015-08-24'),
(1375060929, '19', '41.206.11.10', 'Mozilla/5.0 (Windows NT 6.1; rv:39.0) Gecko/201001', '2015-08-24'),
(1375060930, '37', '41.206.11.69', 'Mozilla/5.0 (Windows NT 6.1) AppleWebKit/537.36 (K', '2015-08-24'),
(1375060931, '19', '197.210.224.107', 'Mozilla/5.0 (Windows NT 6.2; WOW64; rv:40.0) Gecko', '2015-08-24'),
(1375060932, '20', '197.210.224.176', 'Mozilla/5.0 (Windows NT 6.1) AppleWebKit/537.36 (K', '2015-08-24'),
(1375060933, '21', '197.210.224.95', 'Mozilla/5.0 (Windows NT 6.3; WOW64; rv:40.0) Gecko', '2015-08-24'),
(1375060934, '19', '197.210.224.54', 'Mozilla/5.0 (Windows NT 6.2; WOW64; rv:40.0) Gecko', '2015-08-24'),
(1375060935, '20', '41.220.69.40', 'Mozilla/5.0 (Windows NT 6.1) AppleWebKit/537.36 (K', '2015-08-24'),
(1375060936, '23', '197.210.224.51', 'Mozilla/5.0 (Windows NT 6.1; rv:39.0) Gecko/201001', '2015-08-24'),
(1375060937, '18', '41.190.2.163', 'Mozilla/5.0 (Windows NT 6.1; rv:26.0) Gecko/201001', '2015-08-24'),
(1375060938, '31', '41.220.69.126', 'Mozilla/5.0 (Windows NT 6.1; rv:39.0) Gecko/201001', '2015-08-24'),
(1375060939, '20', '197.210.224.170', 'Mozilla/5.0 (Windows NT 6.1) AppleWebKit/537.36 (K', '2015-08-24'),
(1375060940, '20', '41.206.11.82', 'Mozilla/5.0 (Windows NT 6.1) AppleWebKit/537.36 (K', '2015-08-24'),
(1375060941, '20', '197.210.224.82', 'Mozilla/5.0 (Windows NT 6.1) AppleWebKit/537.36 (K', '2015-08-24'),
(1375060942, '17', '197.210.224.69', 'Mozilla/5.0 (Windows NT 6.1) AppleWebKit/537.36 (K', '2015-08-24'),
(1375060943, '31', '197.210.224.107', 'Mozilla/5.0 (Windows NT 6.1; rv:39.0) Gecko/201001', '2015-08-24'),
(1375060944, '31', '41.220.69.16', 'Mozilla/5.0 (Windows NT 6.1; rv:39.0) Gecko/201001', '2015-08-25'),
(1375060945, '18', '41.190.3.105', 'Mozilla/5.0 (Windows NT 6.1; rv:17.0) Gecko/201001', '2015-08-25'),
(1375060946, '23', '41.220.69.159', 'Mozilla/5.0 (Windows NT 6.1; rv:39.0) Gecko/201001', '2015-08-25'),
(1375060947, '20', '41.206.11.6', 'Mozilla/5.0 (Windows NT 6.1) AppleWebKit/537.36 (K', '2015-08-25'),
(1375060948, '37', '41.206.11.6', 'Mozilla/5.0 (Windows NT 6.1) AppleWebKit/537.36 (K', '2015-08-25'),
(1375060949, '18', '41.206.11.9', 'Mozilla/5.0 (Windows NT 6.1) AppleWebKit/537.36 (K', '2015-08-25'),
(1375060950, '19', '197.210.224.215', 'Mozilla/5.0 (Windows NT 6.2; WOW64; rv:40.0) Gecko', '2015-08-25'),
(1375060951, '18', '41.220.69.106', 'Mozilla/5.0 (Windows NT 6.2; WOW64; rv:40.0) Gecko', '2015-08-25'),
(1375060952, '18', '41.206.11.66', 'Mozilla/5.0 (Windows NT 6.1) AppleWebKit/537.36 (K', '2015-08-25'),
(1375060953, '18', '41.190.2.77', 'Mozilla/5.0 (Windows NT 6.1; rv:17.0) Gecko/201001', '2015-08-25'),
(1375060954, '18', '41.190.2.77', 'Mozilla/5.0 (Windows NT 6.1; rv:17.0) Gecko/201001', '2015-08-25'),
(1375060955, '18', '41.206.11.26', 'Mozilla/5.0 (Windows NT 6.1) AppleWebKit/537.36 (K', '2015-08-25'),
(1375060956, '19', '197.210.224.65', 'Mozilla/5.0 (Windows NT 6.2; WOW64; rv:40.0) Gecko', '2015-08-25'),
(1375060957, '20', '197.210.224.193', 'Mozilla/5.0 (Windows NT 6.2; WOW64; rv:40.0) Gecko', '2015-08-25'),
(1375060958, '18', '41.206.11.35', 'Mozilla/5.0 (Windows NT 6.1) AppleWebKit/537.36 (K', '2015-08-25'),
(1375060959, '20', '197.210.224.193', 'Mozilla/5.0 (Windows NT 6.2; WOW64; rv:40.0) Gecko', '2015-08-25'),
(1375060960, '19', '197.210.224.193', 'Mozilla/5.0 (Windows NT 6.2; WOW64; rv:40.0) Gecko', '2015-08-25'),
(1375060961, '31', '41.220.69.113', 'Mozilla/5.0 (Windows NT 6.1; rv:39.0) Gecko/201001', '2015-08-25'),
(1375060962, '18', '41.206.11.4', 'Mozilla/5.0 (Windows NT 6.1) AppleWebKit/537.36 (K', '2015-08-25'),
(1375060963, '18', '197.210.224.106', 'Mozilla/5.0 (Windows NT 6.1) AppleWebKit/537.36 (K', '2015-08-25'),
(1375060964, '19', '197.210.224.102', 'Mozilla/5.0 (Windows NT 6.2; WOW64; rv:40.0) Gecko', '2015-08-25'),
(1375060965, '23', '197.210.224.106', 'Mozilla/5.0 (Windows NT 6.1) AppleWebKit/537.36 (K', '2015-08-25'),
(1375060966, '23', '41.206.12.47', 'Mozilla/5.0 (Windows NT 6.1) AppleWebKit/537.36 (K', '2015-08-25'),
(1375060967, '19', '197.210.224.71', 'Mozilla/5.0 (Windows NT 6.2; WOW64; rv:40.0) Gecko', '2015-08-25'),
(1375060968, '20', '41.206.12.47', 'Mozilla/5.0 (Windows NT 6.1) AppleWebKit/537.36 (K', '2015-08-25'),
(1375060969, '18', '41.206.11.72', 'Mozilla/5.0 (Windows NT 6.1) AppleWebKit/537.36 (K', '2015-08-25'),
(1375060970, '20', '41.206.11.72', 'Mozilla/5.0 (Windows NT 6.1) AppleWebKit/537.36 (K', '2015-08-25'),
(1375060971, '20', '41.206.11.72', 'Mozilla/5.0 (Windows NT 6.1) AppleWebKit/537.36 (K', '2015-08-25'),
(1375060972, '20', '41.206.12.46', 'Mozilla/5.0 (Windows NT 6.1) AppleWebKit/537.36 (K', '2015-08-25'),
(1375060973, '17', '41.206.12.55', 'Mozilla/5.0 (Windows NT 6.1) AppleWebKit/537.36 (K', '2015-08-25'),
(1375060974, '18', '41.190.3.12', 'Mozilla/5.0 (Windows NT 6.1; rv:17.0) Gecko/201001', '2015-08-26'),
(1375060975, '20', '41.206.11.40', 'Mozilla/5.0 (Windows NT 6.1) AppleWebKit/537.36 (K', '2015-08-26'),
(1375060976, '23', '41.220.69.162', 'Mozilla/5.0 (Windows NT 6.1; rv:39.0) Gecko/201001', '2015-08-26'),
(1375060977, '20', '41.206.11.184', 'Mozilla/5.0 (Windows NT 6.1) AppleWebKit/537.36 (K', '2015-08-26'),
(1375060978, '20', '41.220.69.41', 'Mozilla/5.0 (Windows NT 6.1) AppleWebKit/537.36 (K', '2015-08-26'),
(1375060979, '20', '41.206.12.74', 'Mozilla/5.0 (Windows NT 6.1) AppleWebKit/537.36 (K', '2015-08-26'),
(1375060980, '23', '41.206.11.29', 'Mozilla/5.0 (Windows NT 6.1; rv:39.0) Gecko/201001', '2015-08-26'),
(1375060981, '20', '197.210.224.200', 'Mozilla/5.0 (Windows NT 6.1) AppleWebKit/537.36 (K', '2015-08-26'),
(1375060982, '20', '41.206.11.80', 'Mozilla/5.0 (Windows NT 6.1) AppleWebKit/537.36 (K', '2015-08-26'),
(1375060983, '19', '41.206.12.56', 'Mozilla/5.0 (Windows NT 6.1) AppleWebKit/537.36 (K', '2015-08-26'),
(1375060984, '20', '41.206.12.69', 'Mozilla/5.0 (Windows NT 6.1) AppleWebKit/537.36 (K', '2015-08-26'),
(1375060985, '20', '41.206.12.69', 'Mozilla/5.0 (Windows NT 6.1) AppleWebKit/537.36 (K', '2015-08-26'),
(1375060986, '20', '41.220.69.188', 'Mozilla/5.0 (Windows NT 6.1) AppleWebKit/537.36 (K', '2015-08-27'),
(1375060987, '20', '41.220.69.188', 'Mozilla/5.0 (Windows NT 6.1) AppleWebKit/537.36 (K', '2015-08-27'),
(1375060988, '18', '41.220.69.105', 'Mozilla/5.0 (Windows NT 6.1) AppleWebKit/537.36 (K', '2015-08-27'),
(1375060989, '18', '41.206.11.21', 'Mozilla/5.0 (Windows NT 6.1) AppleWebKit/537.36 (K', '2015-08-27'),
(1375060990, '18', '41.220.68.40', 'Mozilla/5.0 (Windows NT 6.1) AppleWebKit/537.36 (K', '2015-08-27'),
(1375060991, '18', '41.206.12.49', 'Mozilla/5.0 (Windows NT 6.1) AppleWebKit/537.36 (K', '2015-08-27'),
(1375060992, '23', '41.206.11.79', 'Mozilla/5.0 (Windows NT 6.1; rv:39.0) Gecko/201001', '2015-08-27'),
(1375060993, '18', '197.210.224.51', 'Mozilla/5.0 (Windows NT 6.1) AppleWebKit/537.36 (K', '2015-08-27'),
(1375060994, '20', '197.210.224.188', 'Mozilla/5.0 (Windows NT 6.1) AppleWebKit/537.36 (K', '2015-08-27'),
(1375060995, '17', '41.190.3.107', 'Mozilla/5.0 (Windows NT 6.2; WOW64; rv:40.0) Gecko', '2015-08-27'),
(1375060996, '18', '41.220.68.43', 'Mozilla/5.0 (Windows NT 6.1) AppleWebKit/537.36 (K', '2015-08-27'),
(1375060997, '20', '41.220.69.150', 'Mozilla/5.0 (Windows NT 6.1) AppleWebKit/537.36 (K', '2015-08-27'),
(1375060998, '18', '41.220.69.150', 'Mozilla/5.0 (Windows NT 6.1) AppleWebKit/537.36 (K', '2015-08-27'),
(1375060999, '18', '41.206.11.7', 'Mozilla/5.0 (Windows NT 6.1) AppleWebKit/537.36 (K', '2015-08-27'),
(1375061000, '18', '41.206.11.14', 'Mozilla/5.0 (Windows NT 6.1) AppleWebKit/537.36 (K', '2015-08-27'),
(1375061001, '18', '197.210.224.67', 'Mozilla/5.0 (Windows NT 6.1) AppleWebKit/537.36 (K', '2015-08-27'),
(1375061002, '19', '41.206.11.69', 'Mozilla/5.0 (Windows NT 6.2; WOW64; rv:40.0) Gecko', '2015-08-27'),
(1375061003, '18', '41.220.69.192', 'Mozilla/5.0 (Windows NT 6.1) AppleWebKit/537.36 (K', '2015-08-27'),
(1375061004, '18', '41.220.69.191', 'Mozilla/5.0 (Windows NT 6.1) AppleWebKit/537.36 (K', '2015-08-27'),
(1375061005, '18', '41.220.69.191', 'Mozilla/5.0 (Windows NT 6.1) AppleWebKit/537.36 (K', '2015-08-27'),
(1375061006, '19', '41.220.69.191', 'Mozilla/5.0 (Windows NT 6.1) AppleWebKit/537.36 (K', '2015-08-27'),
(1375061007, '18', '41.206.11.34', 'Mozilla/5.0 (Windows NT 6.1) AppleWebKit/537.36 (K', '2015-08-27'),
(1375061008, '20', '41.206.11.198', 'Mozilla/5.0 (Windows NT 6.1) AppleWebKit/537.36 (K', '2015-08-27'),
(1375061009, '19', '197.210.224.198', 'Mozilla/5.0 (Windows NT 6.2; WOW64; rv:40.0) Gecko', '2015-08-27'),
(1375061010, '19', '41.220.69.124', 'Mozilla/5.0 (Windows NT 6.1) AppleWebKit/537.36 (K', '2015-08-27'),
(1375061011, '23', '197.210.224.201', 'Mozilla/5.0 (Windows NT 6.1) AppleWebKit/537.36 (K', '2015-08-27'),
(1375061012, '18', '41.220.69.109', 'Mozilla/5.0 (Windows NT 6.2; WOW64; rv:40.0) Gecko', '2015-08-27'),
(1375061013, '18', '197.210.224.201', 'Mozilla/5.0 (Windows NT 6.1) AppleWebKit/537.36 (K', '2015-08-27'),
(1375061014, '18', '41.206.11.59', 'Mozilla/5.0 (Windows NT 6.1) AppleWebKit/537.36 (K', '2015-08-27'),
(1375061015, '18', '197.210.224.106', 'Mozilla/5.0 (Windows NT 6.1) AppleWebKit/537.36 (K', '2015-08-27'),
(1375061016, '19', '197.210.224.73', 'Mozilla/5.0 (Windows NT 6.1) AppleWebKit/537.36 (K', '2015-08-27'),
(1375061017, '21', '41.190.2.209', 'Mozilla/5.0 (Windows NT 6.3; WOW64; rv:40.0) Gecko', '2015-08-27'),
(1375061018, '18', '41.206.12.45', 'Mozilla/5.0 (Windows NT 6.1) AppleWebKit/537.36 (K', '2015-08-28'),
(1375061019, '21', '41.190.3.102', 'Mozilla/5.0 (Windows NT 6.3; WOW64; rv:40.0) Gecko', '2015-08-28'),
(1375061020, '18', '197.210.224.62', 'Mozilla/5.0 (Windows NT 6.1) AppleWebKit/537.36 (K', '2015-08-28'),
(1375061021, '18', '41.190.2.45', 'Mozilla/5.0 (Windows NT 6.1; rv:38.0) Gecko/201001', '2015-08-28'),
(1375061022, '20', '41.220.68.71', 'Mozilla/5.0 (Windows NT 6.1) AppleWebKit/537.36 (K', '2015-08-28'),
(1375061023, '18', '41.190.3.134', 'Mozilla/5.0 (Windows NT 6.1; rv:38.0) Gecko/201001', '2015-08-28'),
(1375061024, '23', '41.206.11.30', 'Mozilla/5.0 (Windows NT 6.1; rv:39.0) Gecko/201001', '2015-08-28'),
(1375061025, '31', '41.190.2.11', 'Mozilla/5.0 (Windows NT 6.1; rv:39.0) Gecko/201001', '2015-08-28'),
(1375061026, '19', '41.220.68.41', 'Mozilla/5.0 (Windows NT 6.1) AppleWebKit/537.36 (K', '2015-08-28'),
(1375061027, '20', '197.210.224.164', 'Mozilla/5.0 (Windows NT 6.1) AppleWebKit/537.36 (K', '2015-08-28'),
(1375061028, '18', '41.190.2.210', 'Mozilla/5.0 (Windows NT 6.1; rv:38.0) Gecko/201001', '2015-08-28'),
(1375061029, '19', '41.206.12.60', 'Mozilla/5.0 (Windows NT 6.1) AppleWebKit/537.36 (K', '2015-08-28'),
(1375061030, '23', '197.210.224.65', 'Mozilla/5.0 (Windows NT 6.1; rv:39.0) Gecko/201001', '2015-08-28'),
(1375061031, '23', '41.206.11.9', 'Mozilla/5.0 (Windows NT 6.1) AppleWebKit/537.36 (K', '2015-08-28'),
(1375061032, '31', '41.220.68.227', 'Mozilla/5.0 (Windows NT 6.1; rv:11.0) Gecko/201001', '2015-08-28'),
(1375061033, '31', '41.220.68.227', 'Mozilla/5.0 (Windows NT 6.1; rv:11.0) Gecko/201001', '2015-08-28'),
(1375061034, '31', '41.220.68.247', 'Mozilla/5.0 (Windows NT 6.1; rv:11.0) Gecko/201001', '2015-08-28'),
(1375061035, '28', '41.220.68.248', 'Mozilla/5.0 (Windows NT 6.1; rv:11.0) Gecko/201001', '2015-08-28'),
(1375061036, '31', '41.206.11.62', 'Mozilla/5.0 (Windows NT 6.1; rv:39.0) Gecko/201001', '2015-08-28'),
(1375061037, '20', '41.206.11.83', 'Mozilla/5.0 (Windows NT 6.1) AppleWebKit/537.36 (K', '2015-08-28'),
(1375061038, '23', '41.206.12.56', 'Mozilla/5.0 (Windows NT 6.1) AppleWebKit/537.36 (K', '2015-08-28'),
(1375061039, '23', '197.210.224.85', 'Mozilla/5.0 (Windows NT 6.1) AppleWebKit/537.36 (K', '2015-08-28'),
(1375061040, '19', '197.210.224.63', 'Mozilla/5.0 (Windows NT 6.1) AppleWebKit/537.36 (K', '2015-08-28'),
(1375061041, '23', '41.206.11.9', 'Mozilla/5.0 (Windows NT 6.1; rv:39.0) Gecko/201001', '2015-08-28'),
(1375061042, '20', '41.220.69.184', 'Mozilla/5.0 (Windows NT 6.1) AppleWebKit/537.36 (K', '2015-08-28'),
(1375061043, '19', '41.206.11.78', 'Mozilla/5.0 (Windows NT 6.1) AppleWebKit/537.36 (K', '2015-08-28'),
(1375061044, '19', '41.206.11.87', 'Mozilla/5.0 (Windows NT 6.2; WOW64; rv:40.0) Gecko', '2015-08-28'),
(1375061045, '18', '41.220.68.67', 'Mozilla/5.0 (Windows NT 6.1) AppleWebKit/537.36 (K', '2015-08-28'),
(1375061046, '19', '41.220.68.67', 'Mozilla/5.0 (Windows NT 6.1) AppleWebKit/537.36 (K', '2015-08-28'),
(1375061047, '17', '41.220.69.191', 'Mozilla/5.0 (Windows NT 6.2; WOW64) AppleWebKit/53', '2015-08-28'),
(1375061048, '17', '197.210.224.206', 'Mozilla/5.0 (Windows NT 6.2; WOW64) AppleWebKit/53', '2015-08-29'),
(1375061049, '29', '197.210.224.206', 'Mozilla/5.0 (Windows NT 6.2; WOW64) AppleWebKit/53', '2015-08-29'),
(1375061050, '29', '197.210.224.147', 'Mozilla/5.0 (Windows NT 6.2; WOW64) AppleWebKit/53', '2015-08-29'),
(1375061051, '20', '41.220.69.115', 'Mozilla/5.0 (Windows NT 6.1; rv:39.0) Gecko/201001', '2015-08-31'),
(1375061052, '31', '41.220.68.229', 'Mozilla/5.0 (Windows NT 6.1; rv:11.0) Gecko/201001', '2015-08-31'),
(1375061053, '19', '197.210.224.57', 'Mozilla/5.0 (Windows NT 6.1) AppleWebKit/537.36 (K', '2015-08-31'),
(1375061054, '31', '41.220.68.224', 'Mozilla/5.0 (Windows NT 6.1; rv:11.0) Gecko/201001', '2015-08-31'),
(1375061055, '19', '197.210.224.57', 'Mozilla/5.0 (Windows NT 6.1) AppleWebKit/537.36 (K', '2015-08-31'),
(1375061056, '20', '197.210.224.57', 'Mozilla/5.0 (Windows NT 6.1) AppleWebKit/537.36 (K', '2015-08-31'),
(1375061057, '19', '41.220.69.173', 'Mozilla/5.0 (Windows NT 6.1) AppleWebKit/537.36 (K', '2015-08-31'),
(1375061058, '20', '41.220.69.159', 'Mozilla/5.0 (Windows NT 6.1) AppleWebKit/537.36 (K', '2015-08-31'),
(1375061059, '21', '105.112.8.215', 'Mozilla/5.0 (Windows NT 6.3; WOW64; rv:40.0) Gecko', '2015-08-31'),
(1375061060, '20', '197.210.224.74', 'Mozilla/5.0 (Windows NT 6.1) AppleWebKit/537.36 (K', '2015-08-31'),
(1375061061, '19', '197.210.224.74', 'Mozilla/5.0 (Windows NT 6.1) AppleWebKit/537.36 (K', '2015-08-31'),
(1375061062, '19', '197.210.224.74', 'Mozilla/5.0 (Windows NT 6.1) AppleWebKit/537.36 (K', '2015-08-31'),
(1375061063, '20', '41.206.11.191', 'Mozilla/5.0 (Windows NT 6.1) AppleWebKit/537.36 (K', '2015-08-31'),
(1375061064, '20', '41.220.69.186', 'Mozilla/5.0 (Windows NT 6.1) AppleWebKit/537.36 (K', '2015-08-31'),
(1375061065, '18', '197.210.224.95', 'Mozilla/5.0 (Windows NT 6.1) AppleWebKit/537.36 (K', '2015-08-31'),
(1375061066, '20', '41.220.69.105', 'Mozilla/5.0 (Windows NT 6.1) AppleWebKit/537.36 (K', '2015-08-31'),
(1375061067, '18', '41.190.2.176', 'Mozilla/5.0 (Windows NT 6.1; rv:38.0) Gecko/201001', '2015-08-31'),
(1375061068, '20', '197.210.224.165', 'Mozilla/5.0 (Windows NT 6.1) AppleWebKit/537.36 (K', '2015-08-31'),
(1375061069, '19', '197.210.224.165', 'Mozilla/5.0 (Windows NT 6.1) AppleWebKit/537.36 (K', '2015-08-31'),
(1375061070, '17', '197.210.224.110', 'Mozilla/5.0 (Windows NT 6.2) AppleWebKit/537.36 (K', '2015-08-31'),
(1375061071, '19', '41.220.69.109', 'Mozilla/5.0 (Windows NT 6.1) AppleWebKit/537.36 (K', '2015-08-31'),
(1375061072, '19', '41.220.69.109', 'Mozilla/5.0 (Windows NT 6.1) AppleWebKit/537.36 (K', '2015-08-31'),
(1375061073, '20', '41.220.69.109', 'Mozilla/5.0 (Windows NT 6.1) AppleWebKit/537.36 (K', '2015-08-31'),
(1375061074, '19', '41.206.12.42', 'Mozilla/5.0 (Windows NT 6.1) AppleWebKit/537.36 (K', '2015-08-31'),
(1375061075, '20', '41.220.69.176', 'Mozilla/5.0 (Windows NT 6.1) AppleWebKit/537.36 (K', '2015-08-31'),
(1375061076, '19', '41.206.11.54', 'Mozilla/5.0 (Windows NT 6.1) AppleWebKit/537.36 (K', '2015-08-31'),
(1375061077, '28', '41.220.69.183', 'Mozilla/5.0 (Windows NT 6.2) AppleWebKit/537.36 (K', '2015-08-31'),
(1375061078, '20', '41.220.69.192', 'Mozilla/5.0 (Windows NT 6.1) AppleWebKit/537.36 (K', '2015-08-31'),
(1375061079, '19', '197.210.224.171', 'Mozilla/5.0 (Windows NT 6.1) AppleWebKit/537.36 (K', '2015-08-31'),
(1375061080, '28', '41.206.12.65', 'Mozilla/5.0 (Windows NT 6.2) AppleWebKit/537.36 (K', '2015-08-31'),
(1375061081, '23', '41.206.12.51', 'Mozilla/5.0 (Windows NT 6.1; rv:39.0) Gecko/201001', '2015-08-31'),
(1375061082, '20', '197.210.224.61', 'Mozilla/5.0 (Windows NT 6.1) AppleWebKit/537.36 (K', '2015-08-31'),
(1375061083, '28', '41.206.11.42', 'Mozilla/5.0 (Windows NT 6.2; rv:20.0) Gecko/201001', '2015-08-31'),
(1375061084, '20', '197.210.224.67', 'Mozilla/5.0 (Windows NT 6.1) AppleWebKit/537.36 (K', '2015-08-31'),
(1375061085, '20', '41.220.69.162', 'Mozilla/5.0 (Windows NT 6.1) AppleWebKit/537.36 (K', '2015-08-31'),
(1375061086, '20', '41.220.69.134', 'Mozilla/5.0 (Windows NT 6.1) AppleWebKit/537.36 (K', '2015-08-31'),
(1375061087, '19', '41.206.11.30', 'Mozilla/5.0 (Windows NT 6.1) AppleWebKit/537.36 (K', '2015-08-31'),
(1375061088, '19', '197.210.224.98', 'Mozilla/5.0 (Windows NT 6.1) AppleWebKit/537.36 (K', '2015-08-31'),
(1375061089, '19', '41.206.12.71', 'Mozilla/5.0 (Windows NT 6.1; rv:39.0) Gecko/201001', '2015-08-31'),
(1375061090, '20', '41.206.11.58', 'Mozilla/5.0 (Windows NT 6.1) AppleWebKit/537.36 (K', '2015-08-31'),
(1375061091, '23', '41.206.11.5', 'Mozilla/5.0 (Windows NT 6.1; rv:39.0) Gecko/201001', '2015-08-31'),
(1375061092, '19', '41.206.11.58', 'Mozilla/5.0 (Windows NT 6.1) AppleWebKit/537.36 (K', '2015-08-31'),
(1375061093, '17', '41.190.3.248', 'Mozilla/5.0 (Windows NT 6.2; WOW64) AppleWebKit/53', '2015-08-31'),
(1375061094, '20', '41.206.11.30', 'Mozilla/5.0 (Windows NT 6.1) AppleWebKit/537.36 (K', '2015-08-31'),
(1375061095, '19', '41.220.69.109', 'Mozilla/5.0 (Windows NT 6.1) AppleWebKit/537.36 (K', '2015-08-31'),
(1375061096, '20', '41.206.11.28', 'Mozilla/5.0 (Windows NT 6.1) AppleWebKit/537.36 (K', '2015-08-31'),
(1375061097, '17', '41.190.3.248', 'Mozilla/5.0 (Windows NT 6.2; WOW64) AppleWebKit/53', '2015-08-31'),
(1375061098, '17', '41.190.3.228', 'Mozilla/5.0 (Windows NT 6.2; WOW64) AppleWebKit/53', '2015-08-31'),
(1375061099, '18', '41.190.3.231', 'Mozilla/5.0 (Windows NT 6.1; rv:41.0) Gecko/201001', '2015-08-31'),
(1375061100, '18', '41.190.3.56', 'Mozilla/5.0 (Windows NT 6.1; rv:41.0) Gecko/201001', '2015-09-01'),
(1375061101, '28', '41.206.11.5', 'Mozilla/5.0 (Windows NT 6.2; rv:20.0) Gecko/201001', '2015-09-01'),
(1375061102, '20', '197.210.224.103', 'Mozilla/5.0 (Windows NT 6.1) AppleWebKit/537.36 (K', '2015-09-01'),
(1375061103, '20', '41.206.12.65', 'Mozilla/5.0 (Windows NT 6.1) AppleWebKit/537.36 (K', '2015-09-01'),
(1375061104, '20', '197.210.224.210', 'Mozilla/5.0 (Windows NT 6.1) AppleWebKit/537.36 (K', '2015-09-01'),
(1375061105, '18', '41.220.69.177', 'Mozilla/5.0 (Windows NT 6.1) AppleWebKit/537.36 (K', '2015-09-01'),
(1375061106, '20', '41.220.69.177', 'Mozilla/5.0 (Windows NT 6.1) AppleWebKit/537.36 (K', '2015-09-01'),
(1375061107, '18', '41.220.69.175', 'Mozilla/5.0 (Windows NT 6.1) AppleWebKit/537.36 (K', '2015-09-01'),
(1375061108, '18', '41.190.3.119', 'Mozilla/5.0 (Windows NT 6.1; rv:39.0) Gecko/201001', '2015-09-01'),
(1375061109, '23', '41.206.12.42', 'Mozilla/5.0 (Windows NT 6.1; rv:39.0) Gecko/201001', '2015-09-01'),
(1375061110, '20', '41.206.11.181', 'Mozilla/5.0 (Windows NT 6.1) AppleWebKit/537.36 (K', '2015-09-01'),
(1375061111, '18', '41.190.2.144', 'Mozilla/5.0 (Windows NT 6.1; rv:39.0) Gecko/201001', '2015-09-01'),
(1375061112, '20', '197.210.224.72', 'Mozilla/5.0 (Windows NT 6.1) AppleWebKit/537.36 (K', '2015-09-01'),
(1375061113, '20', '197.210.224.204', 'Mozilla/5.0 (Windows NT 6.1) AppleWebKit/537.36 (K', '2015-09-01'),
(1375061114, '19', '41.206.11.59', 'Mozilla/5.0 (Windows NT 6.1) AppleWebKit/537.36 (K', '2015-09-01'),
(1375061115, '28', '41.206.11.184', 'Mozilla/5.0 (Windows NT 6.2; rv:20.0) Gecko/201001', '2015-09-01'),
(1375061116, '20', '41.206.11.59', 'Mozilla/5.0 (Windows NT 6.1) AppleWebKit/537.36 (K', '2015-09-01'),
(1375061117, '19', '41.206.11.206', 'Mozilla/5.0 (Windows NT 6.1) AppleWebKit/537.36 (K', '2015-09-01'),
(1375061118, '17', '41.190.2.250', 'Mozilla/5.0 (Windows NT 6.2; WOW64) AppleWebKit/53', '2015-09-01'),
(1375061119, '19', '41.206.11.10', 'Mozilla/5.0 (Windows NT 6.1) AppleWebKit/537.36 (K', '2015-09-01'),
(1375061120, '21', '105.112.10.165', 'Mozilla/5.0 (Windows NT 6.3; WOW64; rv:40.0) Gecko', '2015-09-01'),
(1375061121, '18', '105.112.10.165', 'Mozilla/5.0 (Windows NT 6.3; WOW64; rv:40.0) Gecko', '2015-09-01'),
(1375061122, '20', '41.206.11.10', 'Mozilla/5.0 (Windows NT 6.1) AppleWebKit/537.36 (K', '2015-09-01'),
(1375061123, '20', '41.206.11.10', 'Mozilla/5.0 (Windows NT 6.1) AppleWebKit/537.36 (K', '2015-09-01'),
(1375061124, '20', '41.206.11.220', 'Mozilla/5.0 (Windows NT 6.1) AppleWebKit/537.36 (K', '2015-09-01'),
(1375061125, '19', '197.210.224.51', 'Mozilla/5.0 (Windows NT 6.1; rv:39.0) Gecko/201001', '2015-09-01'),
(1375061126, '18', '41.206.11.185', 'Mozilla/5.0 (Windows NT 6.1) AppleWebKit/537.36 (K', '2015-09-01'),
(1375061127, '20', '197.210.224.56', 'Mozilla/5.0 (Windows NT 6.1) AppleWebKit/537.36 (K', '2015-09-01'),
(1375061128, '19', '197.210.224.173', 'Mozilla/5.0 (Windows NT 6.1; rv:39.0) Gecko/201001', '2015-09-01'),
(1375061129, '23', '197.210.224.173', 'Mozilla/5.0 (Windows NT 6.1; rv:39.0) Gecko/201001', '2015-09-01'),
(1375061130, '17', '41.190.2.214', 'Mozilla/5.0 (Windows NT 6.2; WOW64) AppleWebKit/53', '2015-09-01'),
(1375061131, '19', '197.210.224.214', 'Mozilla/5.0 (Windows NT 6.1) AppleWebKit/537.36 (K', '2015-09-01'),
(1375061132, '20', '197.210.224.214', 'Mozilla/5.0 (Windows NT 6.1) AppleWebKit/537.36 (K', '2015-09-01'),
(1375061133, '20', '197.210.224.214', 'Mozilla/5.0 (Windows NT 6.1) AppleWebKit/537.36 (K', '2015-09-01'),
(1375061134, '19', '197.210.224.214', 'Mozilla/5.0 (Windows NT 6.1) AppleWebKit/537.36 (K', '2015-09-01'),
(1375061135, '21', '105.112.10.165', 'Mozilla/5.0 (Windows NT 6.3; WOW64; rv:40.0) Gecko', '2015-09-01'),
(1375061136, '20', '197.210.224.214', 'Mozilla/5.0 (Windows NT 6.1) AppleWebKit/537.36 (K', '2015-09-01'),
(1375061137, '29', '41.190.3.103', 'Mozilla/5.0 (Windows NT 6.2; WOW64) AppleWebKit/53', '2015-09-01'),
(1375061138, '19', '41.206.11.66', 'Mozilla/5.0 (Windows NT 6.1) AppleWebKit/537.36 (K', '2015-09-01'),
(1375061139, '18', '197.210.224.201', 'Mozilla/5.0 (Windows NT 6.1; rv:39.0) Gecko/201001', '2015-09-01'),
(1375061140, '19', '41.206.11.57', 'Mozilla/5.0 (Windows NT 6.1) AppleWebKit/537.36 (K', '2015-09-01'),
(1375061141, '18', '197.210.224.201', 'Mozilla/5.0 (Windows NT 6.1; rv:39.0) Gecko/201001', '2015-09-01'),
(1375061142, '29', '41.190.3.165', 'Mozilla/5.0 (Windows NT 6.2; WOW64) AppleWebKit/53', '2015-09-01'),
(1375061143, '20', '197.210.224.83', 'Mozilla/5.0 (Windows NT 6.1) AppleWebKit/537.36 (K', '2015-09-01'),
(1375061144, '29', '41.190.3.165', 'Mozilla/5.0 (Windows NT 6.2; WOW64) AppleWebKit/53', '2015-09-01'),
(1375061145, '17', '41.220.69.152', 'Mozilla/5.0 (Windows NT 6.1) AppleWebKit/537.36 (K', '2015-09-01'),
(1375061146, '28', '41.220.69.161', 'Mozilla/5.0 (Windows NT 6.2; rv:20.0) Gecko/201001', '2015-09-01'),
(1375061147, '17', '41.190.2.127', 'Mozilla/5.0 (Windows NT 6.2; WOW64; rv:40.0) Gecko', '2015-09-01'),
(1375061148, '28', '197.210.224.208', 'Mozilla/5.0 (Windows NT 6.2; rv:20.0) Gecko/201001', '2015-09-02'),
(1375061149, '18', '41.220.69.193', 'Mozilla/5.0 (Windows NT 6.1) AppleWebKit/537.36 (K', '2015-09-02'),
(1375061150, '26', '41.206.11.5', 'Mozilla/5.0 (Windows NT 6.1) AppleWebKit/537.36 (K', '2015-09-02'),
(1375061151, '18', '41.206.11.5', 'Mozilla/5.0 (Windows NT 6.1) AppleWebKit/537.36 (K', '2015-09-02'),
(1375061152, '20', '197.210.224.179', 'Mozilla/5.0 (Windows NT 6.1) AppleWebKit/537.36 (K', '2015-09-02'),
(1375061153, '23', '197.210.224.162', 'Mozilla/5.0 (Windows NT 6.1; rv:39.0) Gecko/201001', '2015-09-02'),
(1375061154, '20', '197.210.224.211', 'Mozilla/5.0 (Windows NT 6.1) AppleWebKit/537.36 (K', '2015-09-02'),
(1375061155, '23', '197.210.224.94', 'Mozilla/5.0 (Windows NT 6.1; rv:39.0) Gecko/201001', '2015-09-02'),
(1375061156, '18', '197.210.224.95', 'Mozilla/5.0 (Windows NT 6.1) AppleWebKit/537.36 (K', '2015-09-02'),
(1375061157, '20', '41.220.69.161', 'Mozilla/5.0 (Windows NT 6.1) AppleWebKit/537.36 (K', '2015-09-02'),
(1375061158, '20', '41.220.69.126', 'Mozilla/5.0 (Windows NT 6.1) AppleWebKit/537.36 (K', '2015-09-02'),
(1375061159, '18', '197.210.224.86', 'Mozilla/5.0 (Windows NT 6.1) AppleWebKit/537.36 (K', '2015-09-02'),
(1375061160, '26', '41.206.11.189', 'Mozilla/5.0 (Windows NT 6.1) AppleWebKit/537.36 (K', '2015-09-02'),
(1375061161, '20', '41.206.11.189', 'Mozilla/5.0 (Windows NT 6.1) AppleWebKit/537.36 (K', '2015-09-02'),
(1375061162, '18', '41.190.2.71', 'Mozilla/5.0 (Windows NT 6.1; rv:39.0) Gecko/201001', '2015-09-02'),
(1375061163, '20', '197.210.224.53', 'Mozilla/5.0 (Windows NT 6.1) AppleWebKit/537.36 (K', '2015-09-02'),
(1375061164, '21', '105.112.10.26', 'Mozilla/5.0 (Windows NT 6.3; WOW64; rv:40.0) Gecko', '2015-09-02'),
(1375061165, '28', '197.210.224.97', 'Mozilla/5.0 (Windows NT 6.2; rv:20.0) Gecko/201001', '2015-09-02'),
(1375061166, '20', '41.220.69.186', 'Mozilla/5.0 (Windows NT 6.1) AppleWebKit/537.36 (K', '2015-09-02'),
(1375061167, '29', '41.190.2.99', 'Mozilla/5.0 (Windows NT 6.2; WOW64) AppleWebKit/53', '2015-09-02'),
(1375061168, '28', '41.206.11.27', 'Mozilla/5.0 (Windows NT 6.2; rv:20.0) Gecko/201001', '2015-09-02'),
(1375061169, '20', '41.220.68.75', 'Mozilla/5.0 (Windows NT 6.1) AppleWebKit/537.36 (K', '2015-09-02'),
(1375061170, '20', '197.210.224.200', 'Mozilla/5.0 (Windows NT 6.1) AppleWebKit/537.36 (K', '2015-09-02'),
(1375061171, '20', '41.206.11.36', 'Mozilla/5.0 (Windows NT 6.1) AppleWebKit/537.36 (K', '2015-09-02'),
(1375061172, '23', '41.220.69.48', 'Mozilla/5.0 (Windows NT 6.1; rv:39.0) Gecko/201001', '2015-09-02'),
(1375061173, '28', '41.220.68.51', 'Mozilla/5.0 (Windows NT 6.2; rv:20.0) Gecko/201001', '2015-09-02'),
(1375061174, '20', '197.210.224.196', 'Mozilla/5.0 (Windows NT 6.1) AppleWebKit/537.36 (K', '2015-09-02'),
(1375061175, '20', '197.210.224.176', 'Mozilla/5.0 (Windows NT 6.1) AppleWebKit/537.36 (K', '2015-09-02'),
(1375061176, '18', '41.220.69.42', 'Mozilla/5.0 (Windows NT 6.1) AppleWebKit/537.36 (K', '2015-09-02'),
(1375061177, '20', '41.206.11.36', 'Mozilla/5.0 (Windows NT 6.1) AppleWebKit/537.36 (K', '2015-09-02'),
(1375061178, '18', '41.190.2.127', 'Mozilla/5.0 (Windows NT 6.1; rv:39.0) Gecko/201001', '2015-09-02'),
(1375061179, '20', '197.210.224.98', 'Mozilla/5.0 (Windows NT 6.1) AppleWebKit/537.36 (K', '2015-09-02'),
(1375061180, '29', '41.190.2.88', 'Mozilla/5.0 (Windows NT 6.2; WOW64) AppleWebKit/53', '2015-09-02'),
(1375061181, '23', '197.210.224.77', 'Mozilla/5.0 (Windows NT 6.1; rv:39.0) Gecko/201001', '2015-09-02'),
(1375061182, '29', '41.190.3.176', 'Mozilla/5.0 (Windows NT 6.2; WOW64) AppleWebKit/53', '2015-09-02'),
(1375061183, '21', '105.112.10.51', 'Mozilla/5.0 (Linux; U; Android 4.2.1; en-gb; TECNO', '2015-09-02'),
(1375061184, '20', '41.206.11.36', 'Mozilla/5.0 (Windows NT 6.1) AppleWebKit/537.36 (K', '2015-09-02'),
(1375061185, '18', '41.190.2.1', 'Mozilla/5.0 (Windows NT 6.1; rv:24.0) Gecko/201312', '2015-09-02'),
(1375061186, '29', '41.190.2.208', 'Mozilla/5.0 (Windows NT 6.2; WOW64) AppleWebKit/53', '2015-09-02'),
(1375061187, '17', '41.190.2.180', 'Mozilla/5.0 (Windows NT 6.2; WOW64) AppleWebKit/53', '2015-09-02'),
(1375061188, '18', '41.190.2.167', 'Mozilla/5.0 (Windows NT 6.1; rv:24.0) Gecko/201312', '2015-09-03'),
(1375061189, '28', '41.220.69.176', 'Mozilla/5.0 (Windows NT 6.2; rv:20.0) Gecko/201001', '2015-09-03'),
(1375061190, '23', '41.206.12.49', 'Mozilla/5.0 (Windows NT 6.1; rv:39.0) Gecko/201001', '2015-09-03'),
(1375061191, '18', '41.190.3.109', 'Mozilla/5.0 (Windows NT 6.1; rv:24.0) Gecko/201312', '2015-09-03'),
(1375061192, '20', '41.220.69.186', 'Mozilla/5.0 (Windows NT 6.1) AppleWebKit/537.36 (K', '2015-09-03'),
(1375061193, '27', '41.190.3.6', 'Mozilla/5.0 (Windows NT 6.1) AppleWebKit/537.36 (K', '2015-09-03'),
(1375061194, '20', '41.206.11.40', 'Mozilla/5.0 (Windows NT 6.1) AppleWebKit/537.36 (K', '2015-09-03'),
(1375061195, '28', '197.210.224.162', 'Mozilla/5.0 (Windows NT 6.2; rv:20.0) Gecko/201001', '2015-09-03'),
(1375061196, '17', '41.190.2.71', 'Mozilla/5.0 (Windows NT 6.2; WOW64; rv:40.0) Gecko', '2015-09-03'),
(1375061197, '20', '41.206.11.34', 'Mozilla/5.0 (Windows NT 6.1) AppleWebKit/537.36 (K', '2015-09-03'),
(1375061198, '20', '41.220.69.46', 'Mozilla/5.0 (Windows NT 6.1) AppleWebKit/537.36 (K', '2015-09-03'),
(1375061199, '18', '41.190.3.228', 'Mozilla/5.0 (Windows NT 6.1; rv:24.0) Gecko/201312', '2015-09-03'),
(1375061200, '20', '41.206.11.186', 'Mozilla/5.0 (Windows NT 6.1) AppleWebKit/537.36 (K', '2015-09-03'),
(1375061201, '23', '41.206.12.57', 'Mozilla/5.0 (Windows NT 6.1; rv:39.0) Gecko/201001', '2015-09-03'),
(1375061202, '17', '41.58.252.104', 'Mozilla/5.0 (Windows NT 10.0; WOW64) AppleWebKit/5', '2015-09-03'),
(1375061203, '20', '41.220.69.183', 'Mozilla/5.0 (Windows NT 6.1) AppleWebKit/537.36 (K', '2015-09-03'),
(1375061204, '20', '197.210.224.63', 'Mozilla/5.0 (Windows NT 6.1) AppleWebKit/537.36 (K', '2015-09-03'),
(1375061205, '23', '41.220.68.76', 'Mozilla/5.0 (Windows NT 6.1; rv:39.0) Gecko/201001', '2015-09-03'),
(1375061206, '20', '41.206.11.40', 'Mozilla/5.0 (Windows NT 6.1) AppleWebKit/537.36 (K', '2015-09-03'),
(1375061207, '28', '197.210.224.146', 'Mozilla/5.0 (Windows NT 6.2; rv:20.0) Gecko/201001', '2015-09-03'),
(1375061208, '18', '41.190.3.196', 'Mozilla/5.0 (Windows NT 6.1; rv:24.0) Gecko/201312', '2015-09-03'),
(1375061209, '18', '41.190.3.196', 'Mozilla/5.0 (Windows NT 6.1; rv:24.0) Gecko/201312', '2015-09-03'),
(1375061210, '28', '41.220.69.164', 'Mozilla/5.0 (Windows NT 6.2; rv:20.0) Gecko/201001', '2015-09-04'),
(1375061211, '18', '41.190.2.28', 'Mozilla/5.0 (Windows NT 6.1; rv:24.0) Gecko/201312', '2015-09-04'),
(1375061212, '18', '41.190.3.154', 'Mozilla/5.0 (Windows NT 6.1; rv:24.0) Gecko/201312', '2015-09-04'),
(1375061213, '28', '41.206.11.18', 'Mozilla/5.0 (Windows NT 6.2; rv:20.0) Gecko/201001', '2015-09-04'),
(1375061214, '18', '41.190.3.244', 'Mozilla/5.0 (Windows NT 6.1; rv:24.0) Gecko/201312', '2015-09-04'),
(1375061215, '17', '41.190.3.238', 'Mozilla/5.0 (Windows NT 6.2; WOW64) AppleWebKit/53', '2015-09-04'),
(1375061216, '29', '41.190.3.252', 'Mozilla/5.0 (Windows NT 6.2; WOW64) AppleWebKit/53', '2015-09-04'),
(1375061217, '18', '41.190.3.252', 'Mozilla/5.0 (Windows NT 6.1; rv:24.0) Gecko/201312', '2015-09-04'),
(1375061218, '17', '41.190.3.252', 'Mozilla/5.0 (Windows NT 6.1) AppleWebKit/537.36 (K', '2015-09-04'),
(1375061219, '38', '41.190.3.252', 'Mozilla/5.0 (Windows NT 6.1) AppleWebKit/537.36 (K', '2015-09-04'),
(1375061220, '38', '41.190.3.252', 'Mozilla/5.0 (Windows NT 6.1) AppleWebKit/537.36 (K', '2015-09-04'),
(1375061221, '21', '105.112.29.80', 'Mozilla/5.0 (Linux; U; Android 4.2.1; en-gb; TECNO', '2015-09-05'),
(1375061222, '17', '41.190.2.126', 'Mozilla/5.0 (Windows NT 6.2; WOW64) AppleWebKit/53', '2015-09-05'),
(1375061223, '17', '41.190.2.126', 'Mozilla/5.0 (Windows NT 6.2; WOW64) AppleWebKit/53', '2015-09-05'),
(1375061224, '17', '41.190.3.123', 'Mozilla/5.0 (Windows NT 6.1) AppleWebKit/537.36 (K', '2015-09-06'),
(1375061225, '30', '41.190.3.123', 'Mozilla/5.0 (Windows NT 6.1) AppleWebKit/537.36 (K', '2015-09-06'),
(1375061226, '28', '41.190.3.123', 'Mozilla/5.0 (Windows NT 6.2; WOW64) AppleWebKit/53', '2015-09-06'),
(1375061227, '17', '41.190.3.123', 'Mozilla/5.0 (Windows NT 6.2; WOW64) AppleWebKit/53', '2015-09-06'),
(1375061228, '30', '41.190.3.123', 'Mozilla/5.0 (Windows NT 6.1) AppleWebKit/537.36 (K', '2015-09-06'),
(1375061229, '28', '41.190.3.123', 'Mozilla/5.0 (Windows NT 6.2; WOW64) AppleWebKit/53', '2015-09-06'),
(1375061230, '28', '41.190.3.123', 'Mozilla/5.0 (Windows NT 6.2; WOW64) AppleWebKit/53', '2015-09-06'),
(1375061231, '17', '41.190.3.123', 'Mozilla/5.0 (Windows NT 6.2; WOW64) AppleWebKit/53', '2015-09-06'),
(1375061232, '17', '41.190.3.123', 'Mozilla/5.0 (Windows NT 6.2; WOW64) AppleWebKit/53', '2015-09-06'),
(1375061233, '30', '41.190.3.123', 'Mozilla/5.0 (Windows NT 6.1) AppleWebKit/537.36 (K', '2015-09-06'),
(1375061234, '27', '41.190.2.177', 'Mozilla/5.0 (Linux; U; Android 4.2.1; en-us; TECNO', '2015-09-07'),
(1375061235, '27', '41.190.2.177', 'Mozilla/5.0 (Linux; U; Android 4.2.1; en-us; TECNO', '2015-09-07');
INSERT INTO `logins` (`id`, `dealer_id`, `ip`, `device`, `thedate`) VALUES
(1375061236, '17', '41.190.2.122', 'Mozilla/5.0 (Windows NT 6.2; WOW64) AppleWebKit/53', '2015-09-07'),
(1375061237, '28', '41.206.11.218', 'Mozilla/5.0 (Windows NT 6.2; rv:20.0) Gecko/201001', '2015-09-07'),
(1375061238, '28', '41.206.11.28', 'Mozilla/5.0 (Windows NT 6.2; rv:20.0) Gecko/201001', '2015-09-07'),
(1375061239, '21', '197.210.224.55', 'Mozilla/5.0 (Windows NT 6.3; WOW64; rv:40.0) Gecko', '2015-09-07'),
(1375061240, '28', '41.206.11.6', 'Mozilla/5.0 (Windows NT 6.2; rv:20.0) Gecko/201001', '2015-09-07'),
(1375061241, '28', '41.206.11.5', 'Mozilla/5.0 (Windows NT 6.2; rv:20.0) Gecko/201001', '2015-09-08'),
(1375061242, '28', '41.206.11.24', 'Mozilla/5.0 (Windows NT 6.2; rv:20.0) Gecko/201001', '2015-09-08'),
(1375061243, '17', '41.190.2.127', 'Mozilla/5.0 (Windows NT 6.2; WOW64) AppleWebKit/53', '2015-09-08'),
(1375061244, '17', '41.190.3.112', 'Mozilla/5.0 (Windows NT 6.2; WOW64) AppleWebKit/53', '2015-09-08'),
(1375061245, '28', '41.206.12.65', 'Mozilla/5.0 (Windows NT 6.2; rv:20.0) Gecko/201001', '2015-09-09'),
(1375061246, '28', '41.206.12.65', 'Mozilla/5.0 (Windows NT 6.2; rv:20.0) Gecko/201001', '2015-09-09'),
(1375061247, '27', '41.190.2.23', 'Mozilla/5.0 (Linux; U; Android 4.2.1; en-us; TECNO', '2015-09-09'),
(1375061248, '17', '41.190.3.183', 'Mozilla/5.0 (Windows NT 6.1; rv:41.0) Gecko/201001', '2015-09-09'),
(1375061249, '17', '41.220.68.41', 'Mozilla/5.0 (Windows NT 6.1; rv:41.0) Gecko/201001', '2015-09-09'),
(1375061250, '28', '41.220.69.173', 'Mozilla/5.0 (Windows NT 6.2; rv:20.0) Gecko/201001', '2015-09-09'),
(1375061251, '28', '197.210.224.212', 'Mozilla/5.0 (Windows NT 6.2; rv:20.0) Gecko/201001', '2015-09-10'),
(1375061252, '28', '197.210.224.216', 'Mozilla/5.0 (Windows NT 6.2; rv:20.0) Gecko/201001', '2015-09-10'),
(1375061253, '28', '41.220.69.158', 'Mozilla/5.0 (Windows NT 6.2; rv:20.0) Gecko/201001', '2015-09-10'),
(1375061254, '28', '197.210.224.86', 'Mozilla/5.0 (Windows NT 6.2; rv:20.0) Gecko/201001', '2015-09-10'),
(1375061255, '28', '197.210.224.176', 'Mozilla/5.0 (Windows NT 6.2; rv:20.0) Gecko/201001', '2015-09-10'),
(1375061256, '28', '197.210.224.176', 'Mozilla/5.0 (Windows NT 6.2; rv:20.0) Gecko/201001', '2015-09-10'),
(1375061257, '21', '197.210.224.82', 'Mozilla/5.0 (Windows NT 6.3; WOW64; rv:40.0) Gecko', '2015-09-10'),
(1375061258, '28', '41.206.11.220', 'Mozilla/5.0 (Windows NT 6.2; rv:20.0) Gecko/201001', '2015-09-10'),
(1375061259, '17', '41.190.2.67', 'Mozilla/5.0 (Windows NT 6.2; WOW64) AppleWebKit/53', '2015-09-10'),
(1375061260, '28', '197.210.224.176', 'Mozilla/5.0 (Windows NT 6.2; rv:20.0) Gecko/201001', '2015-09-11'),
(1375061261, '28', '41.206.11.186', 'Mozilla/5.0 (Windows NT 6.2; rv:20.0) Gecko/201001', '2015-09-11'),
(1375061262, '28', '197.210.224.219', 'Mozilla/5.0 (Windows NT 6.2; rv:20.0) Gecko/201001', '2015-09-11'),
(1375061263, '28', '41.206.11.89', 'Mozilla/5.0 (Windows NT 6.2; rv:20.0) Gecko/201001', '2015-09-14'),
(1375061264, '28', '197.210.224.204', 'Mozilla/5.0 (Windows NT 6.2; rv:20.0) Gecko/201001', '2015-09-14'),
(1375061265, '17', '41.190.3.2', 'Mozilla/5.0 (Windows NT 6.2; WOW64) AppleWebKit/53', '2015-09-14'),
(1375061266, '28', '41.206.11.196', 'Mozilla/5.0 (Windows NT 6.2; rv:20.0) Gecko/201001', '2015-09-15'),
(1375061267, '20', '41.220.68.41', 'Mozilla/5.0 (Windows NT 6.1; rv:41.0) Gecko/201001', '2015-09-15'),
(1375061268, '18', '197.210.224.69', 'Mozilla/5.0 (Windows NT 6.3; WOW64; rv:40.0) Gecko', '2015-09-15'),
(1375061269, '28', '41.220.69.113', 'Mozilla/5.0 (Windows NT 6.2; rv:20.0) Gecko/201001', '2015-09-15'),
(1375061270, '21', '197.210.224.69', 'Mozilla/5.0 (Windows NT 6.3; WOW64; rv:40.0) Gecko', '2015-09-15'),
(1375061271, '17', '41.206.11.203', 'Mozilla/5.0 (Windows NT 6.2; WOW64) AppleWebKit/53', '2015-09-15'),
(1375061272, '28', '197.210.224.104', 'Mozilla/5.0 (Windows NT 6.2; rv:20.0) Gecko/201001', '2015-09-15'),
(1375061273, '17', '41.190.2.47', 'Mozilla/5.0 (Windows NT 6.2; WOW64) AppleWebKit/53', '2015-09-15'),
(1375061274, '17', '41.190.3.227', 'Mozilla/5.0 (Windows NT 6.2; WOW64) AppleWebKit/53', '2015-09-16'),
(1375061275, '28', '41.220.69.178', 'Mozilla/5.0 (Windows NT 6.2; rv:20.0) Gecko/201001', '2015-09-16'),
(1375061276, '28', '197.210.224.69', 'Mozilla/5.0 (Windows NT 6.2; rv:20.0) Gecko/201001', '2015-09-16'),
(1375061277, '28', '41.220.69.33', 'Mozilla/5.0 (Windows NT 6.2; rv:20.0) Gecko/201001', '2015-09-17'),
(1375061278, '28', '41.190.2.33', 'Mozilla/5.0 (Windows NT 6.2; rv:20.0) Gecko/201001', '2015-09-21'),
(1375061279, '28', '41.190.3.217', 'Mozilla/5.0 (Windows NT 6.2; rv:20.0) Gecko/201001', '2015-09-21'),
(1375061280, '28', '41.190.2.6', 'Mozilla/5.0 (Windows NT 6.2; rv:20.0) Gecko/201001', '2015-09-21'),
(1375061281, '28', '41.190.2.6', 'Mozilla/5.0 (Windows NT 6.2; rv:20.0) Gecko/201001', '2015-09-21'),
(1375061282, '28', '41.190.3.149', 'Mozilla/5.0 (Windows NT 6.2; rv:20.0) Gecko/201001', '2015-09-22'),
(1375061283, '28', '41.190.3.137', 'Mozilla/5.0 (Windows NT 6.2; rv:20.0) Gecko/201001', '2015-09-22'),
(1375061284, '28', '41.190.3.221', 'Mozilla/5.0 (Windows NT 6.2; rv:20.0) Gecko/201001', '2015-09-23'),
(1375061285, '28', '41.190.2.196', 'Mozilla/5.0 (Windows NT 6.2; rv:20.0) Gecko/201001', '2015-09-23'),
(1375061286, '28', '41.190.2.200', 'Mozilla/5.0 (Windows NT 6.2; rv:20.0) Gecko/201001', '2015-09-23'),
(1375061287, '27', '41.190.3.126', 'Mozilla/5.0 (Android; Tablet; rv:30.0) Gecko/30.0 ', '2015-09-23'),
(1375061288, '28', '41.190.3.118', 'Mozilla/5.0 (Windows NT 6.2; rv:20.0) Gecko/201001', '2015-09-24'),
(1375061289, '28', '41.190.2.119', 'Mozilla/5.0 (Windows NT 6.2; rv:20.0) Gecko/201001', '2015-09-24'),
(1375061290, '28', '41.190.2.134', 'Mozilla/5.0 (Windows NT 6.2; rv:20.0) Gecko/201001', '2015-09-25'),
(1375061291, '28', '41.190.2.18', 'Mozilla/5.0 (Windows NT 6.2; rv:20.0) Gecko/201001', '2015-09-25'),
(1375061292, '28', '41.190.2.18', 'Mozilla/5.0 (Windows NT 6.2; rv:20.0) Gecko/201001', '2015-09-25'),
(1375061293, '37', '41.190.3.141', 'Mozilla/5.0 (Windows NT 6.2) AppleWebKit/537.36 (K', '2015-09-28'),
(1375061294, '37', '41.190.3.141', 'Mozilla/5.0 (Windows NT 6.2; rv:20.0) Gecko/201001', '2015-09-28'),
(1375061295, '28', '41.190.3.141', 'Mozilla/5.0 (Windows NT 6.2; rv:20.0) Gecko/201001', '2015-09-28'),
(1375061296, '28', '41.190.2.205', 'Mozilla/5.0 (Windows NT 6.2; rv:20.0) Gecko/201001', '2015-09-28'),
(1375061297, '21', '105.112.10.238', 'Mozilla/5.0 (Windows NT 6.3; WOW64; rv:40.0) Gecko', '2015-09-28'),
(1375061298, '28', '41.190.2.84', 'Mozilla/5.0 (Windows NT 6.2; rv:20.0) Gecko/201001', '2015-09-28'),
(1375061299, '28', '41.190.2.217', 'Mozilla/5.0 (Windows NT 6.2; rv:20.0) Gecko/201001', '2015-09-29'),
(1375061300, '28', '41.190.2.215', 'Mozilla/5.0 (Windows NT 6.2; rv:20.0) Gecko/201001', '2015-09-29'),
(1375061301, '27', '41.190.2.25', 'Mozilla/5.0 (Android; Tablet; rv:30.0) Gecko/30.0 ', '2015-09-29'),
(1375061302, '27', '41.190.2.25', 'Mozilla/5.0 (Android; Tablet; rv:30.0) Gecko/30.0 ', '2015-09-29'),
(1375061303, '28', '41.190.2.217', 'Mozilla/5.0 (Windows NT 6.2; rv:20.0) Gecko/201001', '2015-09-29'),
(1375061304, '28', '41.190.2.181', 'Mozilla/5.0 (Windows NT 6.2; rv:20.0) Gecko/201001', '2015-09-30'),
(1375061305, '17', '41.206.11.67', 'Mozilla/5.0 (Windows NT 6.2; WOW64) AppleWebKit/53', '2015-09-30'),
(1375061306, '38', '41.190.2.179', 'Mozilla/5.0 (Windows NT 6.1) AppleWebKit/537.36 (K', '2015-09-30'),
(1375061307, '2', '41.190.2.113', 'Mozilla/5.0 (Windows NT 6.2; WOW64; rv:40.0) Gecko', '2015-09-30'),
(1375061308, '28', '41.190.2.166', 'Mozilla/5.0 (Windows NT 6.2; rv:20.0) Gecko/201001', '2015-10-01'),
(1375061309, '28', '41.190.2.166', 'Mozilla/5.0 (Windows NT 6.2; rv:20.0) Gecko/201001', '2015-10-01'),
(1375061310, '28', '41.190.2.166', 'Mozilla/5.0 (Windows NT 6.2; rv:20.0) Gecko/201001', '2015-10-01'),
(1375061311, '28', '41.190.2.70', 'Mozilla/5.0 (Windows NT 6.2; rv:20.0) Gecko/201001', '2015-10-01'),
(1375061312, '28', '41.190.3.200', 'Mozilla/5.0 (Windows NT 6.2; rv:20.0) Gecko/201001', '2015-10-02'),
(1375061313, '28', '41.190.3.200', 'Mozilla/5.0 (Windows NT 6.2; rv:20.0) Gecko/201001', '2015-10-02'),
(1375061314, '2', '41.190.3.105', 'Mozilla/5.0 (Windows NT 6.2; WOW64; rv:40.0) Gecko', '2015-10-02'),
(1375061315, '17', '41.220.69.196', 'Mozilla/5.0 (Windows NT 6.2; WOW64) AppleWebKit/53', '2015-10-02'),
(1375061316, '21', '105.112.10.239', 'Mozilla/5.0 (Windows NT 6.3; WOW64; rv:41.0) Gecko', '2015-10-05'),
(1375061317, '17', '41.220.69.185', 'Mozilla/5.0 (Windows NT 6.2; WOW64) AppleWebKit/53', '2015-10-05'),
(1375061318, '28', '41.190.2.178', 'Mozilla/5.0 (Windows NT 6.2; rv:20.0) Gecko/201001', '2015-10-05'),
(1375061319, '28', '41.190.2.178', 'Mozilla/5.0 (Windows NT 6.2; rv:20.0) Gecko/201001', '2015-10-05'),
(1375061320, '28', '41.190.2.214', 'Mozilla/5.0 (Windows NT 6.2; rv:20.0) Gecko/201001', '2015-10-05'),
(1375061321, '17', '41.190.3.72', 'Mozilla/5.0 (Windows NT 10.0; WOW64) AppleWebKit/5', '2015-10-05'),
(1375061322, '28', '41.190.3.192', 'Mozilla/5.0 (Windows NT 6.2; rv:20.0) Gecko/201001', '2015-10-06'),
(1375061323, '28', '41.190.2.34', 'Mozilla/5.0 (Windows NT 6.2; rv:20.0) Gecko/201001', '2015-10-06'),
(1375061324, '28', '41.190.3.204', 'Mozilla/5.0 (Windows NT 6.2; rv:20.0) Gecko/201001', '2015-10-06'),
(1375061325, '28', '41.190.2.11', 'Mozilla/5.0 (Windows NT 6.2; rv:20.0) Gecko/201001', '2015-10-07'),
(1375061326, '17', '197.210.225.82', 'Mozilla/5.0 (Windows NT 6.2; WOW64) AppleWebKit/53', '2015-10-07'),
(1375061327, '17', '197.210.225.83', 'Mozilla/5.0 (Windows NT 6.2; WOW64) AppleWebKit/53', '2015-10-07'),
(1375061328, '28', '41.190.2.221', 'Mozilla/5.0 (Windows NT 6.2; rv:20.0) Gecko/201001', '2015-10-08'),
(1375061329, '28', '41.190.3.201', 'Mozilla/5.0 (Windows NT 6.2; rv:20.0) Gecko/201001', '2015-10-08'),
(1375061330, '28', '41.190.3.201', 'Mozilla/5.0 (Windows NT 6.2; rv:20.0) Gecko/201001', '2015-10-08'),
(1375061331, '28', '41.190.2.141', 'Mozilla/5.0 (Windows NT 6.2; rv:20.0) Gecko/201001', '2015-10-08'),
(1375061332, '28', '41.190.3.96', 'Mozilla/5.0 (Windows NT 6.2; rv:20.0) Gecko/201001', '2015-10-09'),
(1375061333, '28', '41.190.2.145', 'Mozilla/5.0 (Windows NT 6.2; rv:20.0) Gecko/201001', '2015-10-12'),
(1375061334, '21', '105.112.10.252', 'Mozilla/5.0 (Windows NT 6.3; WOW64; rv:41.0) Gecko', '2015-10-12'),
(1375061335, '28', '41.190.2.142', 'Mozilla/5.0 (Windows NT 6.2; rv:20.0) Gecko/201001', '2015-10-12'),
(1375061336, '28', '41.190.2.217', 'Mozilla/5.0 (Windows NT 6.2) AppleWebKit/537.36 (K', '2015-10-13'),
(1375061337, '28', '41.190.2.217', 'Mozilla/5.0 (Windows NT 6.2) AppleWebKit/537.36 (K', '2015-10-13'),
(1375061338, '2', '::1', 'Mozilla/5.0 (Windows NT 6.2; WOW64; rv:40.0) Gecko', '2015-10-13'),
(1375061339, '2', '::1', 'Mozilla/5.0 (Windows NT 6.2; WOW64; rv:41.0) Gecko', '2015-10-25'),
(1375061340, '2', '::1', 'Mozilla/5.0 (Windows NT 6.2; WOW64; rv:41.0) Gecko', '2015-10-29'),
(1375061341, '2', '::1', 'Mozilla/5.0 (Windows NT 6.2; WOW64; rv:43.0) Gecko', '2016-01-26'),
(1375061342, '2', '::1', 'Mozilla/5.0 (Windows NT 6.2; WOW64; rv:43.0) Gecko', '2016-01-26'),
(1375061343, '2', '::1', 'Mozilla/5.0 (Windows NT 6.2; WOW64; rv:43.0) Gecko', '2016-01-26'),
(1375061344, '2', '::1', 'Mozilla/5.0 (Windows NT 6.2; WOW64; rv:43.0) Gecko', '2016-01-26'),
(1375061345, '2', '::1', 'Mozilla/5.0 (Windows NT 6.2; WOW64) AppleWebKit/53', '2016-01-29'),
(1375061346, '2', '::1', 'Mozilla/5.0 (Windows NT 6.2; WOW64; rv:43.0) Gecko', '2016-01-29'),
(1375061347, '2', '::1', 'Mozilla/5.0 (Windows NT 6.2; WOW64; rv:43.0) Gecko', '2016-01-29'),
(1375061348, '2', '::1', 'Mozilla/5.0 (Windows NT 6.2; WOW64; rv:43.0) Gecko', '2016-01-29'),
(1375061349, '2', '::1', 'Mozilla/5.0 (Windows NT 6.2; WOW64; rv:43.0) Gecko', '2016-01-29'),
(1375061350, '2', '::1', 'Mozilla/5.0 (Windows NT 6.2; WOW64; rv:44.0) Gecko', '2016-02-05'),
(1375061351, '2', '::1', 'Mozilla/5.0 (Windows NT 6.2; WOW64; rv:44.0) Gecko', '2016-02-08'),
(1375061352, '2', '::1', 'Mozilla/5.0 (Windows NT 6.2; WOW64; rv:44.0) Gecko', '2016-02-20'),
(1375061353, '2', '::1', 'Mozilla/5.0 (Windows NT 6.2; WOW64; rv:44.0) Gecko', '2016-02-20'),
(1375061354, '7', '::1', 'Mozilla/5.0 (Windows NT 6.2; WOW64) AppleWebKit/53', '2016-02-21'),
(1375061355, '10', '::1', 'Mozilla/5.0 (Windows NT 6.2; WOW64) AppleWebKit/53', '2016-02-21'),
(1375061356, '10', '::1', 'Mozilla/5.0 (Windows NT 6.2; WOW64) AppleWebKit/53', '2016-02-21'),
(1375061357, '10', '::1', 'Mozilla/5.0 (Windows NT 6.2; WOW64) AppleWebKit/53', '2016-02-21'),
(1375061358, '11', '::1', 'Mozilla/5.0 (Windows NT 6.2; WOW64) AppleWebKit/53', '2016-02-21'),
(1375061359, '11', '::1', 'Mozilla/5.0 (Windows NT 6.2; WOW64) AppleWebKit/53', '2016-02-21');

-- --------------------------------------------------------

--
-- Table structure for table `managers`
--

CREATE TABLE IF NOT EXISTS `managers` (
  `manager_id` int(11) NOT NULL AUTO_INCREMENT,
  `name` varchar(30) NOT NULL,
  `surname` varchar(30) NOT NULL,
  `firstname` varchar(30) NOT NULL,
  `othernames` varchar(30) NOT NULL,
  `email` varchar(30) NOT NULL,
  `phone` varchar(30) NOT NULL,
  `username` varchar(50) NOT NULL,
  `password` text NOT NULL,
  `notes` text NOT NULL,
  `thedate` datetime NOT NULL,
  `status` int(11) NOT NULL DEFAULT '5',
  PRIMARY KEY (`manager_id`),
  UNIQUE KEY `username` (`username`)
) ENGINE=InnoDB  DEFAULT CHARSET=latin1 AUTO_INCREMENT=2 ;

--
-- Dumping data for table `managers`
--

INSERT INTO `managers` (`manager_id`, `name`, `surname`, `firstname`, `othernames`, `email`, `phone`, `username`, `password`, `notes`, `thedate`, `status`) VALUES
(1, 'Nort centra manager', 'asdfsdf', 'sdfs', 'dfsdfsdf', 'sdfsdfsdf@sdfgdf.com', '34534534534', 'sss', 'ac6ad6be092475b1b77b13f9a4e3eed89d4c1388ff54e42234fd2b6812e4c208', '', '2017-06-28 15:06:12', 5);

-- --------------------------------------------------------

--
-- Table structure for table `managers_status`
--

CREATE TABLE IF NOT EXISTS `managers_status` (
  `id` int(11) NOT NULL AUTO_INCREMENT,
  `manager_id` varchar(20) NOT NULL,
  `status` int(11) NOT NULL,
  `reason` text NOT NULL,
  `thedate` datetime NOT NULL,
  `modifiedby_type` int(11) NOT NULL,
  `modifiedby_id` varchar(20) NOT NULL,
  PRIMARY KEY (`id`),
  KEY `officer_id` (`manager_id`)
) ENGINE=InnoDB  DEFAULT CHARSET=latin1 AUTO_INCREMENT=3 ;

--
-- Dumping data for table `managers_status`
--

INSERT INTO `managers_status` (`id`, `manager_id`, `status`, `reason`, `thedate`, `modifiedby_type`, `modifiedby_id`) VALUES
(1, '2', 2, 'kkmjk', '2017-06-28 16:40:36', 0, '2'),
(2, '2', 5, 'asdf sd', '2017-06-28 18:07:59', 0, '2');

-- --------------------------------------------------------

--
-- Table structure for table `messages`
--

CREATE TABLE IF NOT EXISTS `messages` (
  `id` int(11) NOT NULL AUTO_INCREMENT,
  `messageid` varchar(50) NOT NULL,
  `action` varchar(5) NOT NULL,
  `phone` varchar(20) NOT NULL,
  `network` varchar(10) NOT NULL,
  `shortcode` varchar(20) NOT NULL,
  `keyword` varchar(20) NOT NULL,
  `country` varchar(5) NOT NULL,
  `billing` decimal(10,5) NOT NULL,
  `message` varchar(200) NOT NULL,
  `thedate` datetime NOT NULL DEFAULT '0000-00-00 00:00:00',
  `replied` int(11) NOT NULL DEFAULT '0',
  PRIMARY KEY (`id`),
  UNIQUE KEY `messageId` (`messageid`),
  KEY `phone` (`phone`,`network`,`shortcode`,`country`,`billing`,`message`,`thedate`,`replied`),
  KEY `keyword` (`keyword`)
) ENGINE=InnoDB  DEFAULT CHARSET=latin1 AUTO_INCREMENT=1635 ;

--
-- Dumping data for table `messages`
--

INSERT INTO `messages` (`id`, `messageid`, `action`, `phone`, `network`, `shortcode`, `keyword`, `country`, `billing`, `message`, `thedate`, `replied`) VALUES
(1625, '145407686223243431454075858', '', '2348035137033', 'MTN', '33811', 'iss', '', '0.00000', 'find iss check abc123ada3', '2016-01-29 15:14:22', 0),
(1626, '145407690523243431454075858', '', '2348035137033', 'MTN', '33811', 'iss', '', '0.00000', 'find iss check abc123ada3', '2016-01-29 15:15:05', 0),
(1627, '145407692723243431454075858', '', '2348035137033', 'MTN', '33811', 'iss', '', '0.00000', 'find iss check abc123ada3', '2016-01-29 15:15:27', 0),
(1628, '145407698723243431454075858', '', '2348035137033', 'MTN', '33811', 'iss', '', '0.00000', 'find iss check abc123ada3', '2016-01-29 15:16:27', 0),
(1629, '145407750023243431454075858', '', '2348035137033', 'MTN', '33811', 'iss', '', '0.00000', 'find iss check abc123ad', '2016-01-29 15:25:00', 0),
(1630, '145407752923243431454075858', '', '2348035137033', 'MTN', '33811', 'iss', '', '0.00000', 'find iss check abc123ad', '2016-01-29 15:25:29', 0),
(1631, '145407753923243431454075858', '', '2348035137033', 'MTN', '33811', 'iss', '', '0.00000', 'find iss check abc123ad', '2016-01-29 15:25:39', 0),
(1632, '145407768323243431454075858', '', '2348035137033', 'MTN', '33811', 'iss', '', '0.00000', 'find iss check abc123ad', '2016-01-29 15:28:03', 0),
(1633, '145407773523243431454075858', '', '2348035137033', 'MTN', '33811', 'iss', '', '0.00000', 'find iss check abc123ad', '2016-01-29 15:28:55', 0),
(1634, '145407776423243431454075858', '', '2348035137033', 'MTN', '33811', 'iss', '', '0.00000', 'find iss check abc123ad', '2016-01-29 15:29:24', 0);

-- --------------------------------------------------------

--
-- Table structure for table `retailers`
--

CREATE TABLE IF NOT EXISTS `retailers` (
  `retailer_id` int(11) NOT NULL AUTO_INCREMENT,
  `manager_id` varchar(30) NOT NULL,
  `dealer_id` varchar(20) NOT NULL,
  `company` varchar(50) NOT NULL,
  `surname` varchar(30) NOT NULL,
  `firstname` varchar(30) NOT NULL,
  `email` varchar(30) NOT NULL,
  `phone` varchar(30) NOT NULL,
  `address` varchar(100) NOT NULL,
  `city` varchar(30) NOT NULL,
  `state` varchar(30) NOT NULL,
  `country` varchar(30) NOT NULL,
  `username` varchar(50) NOT NULL,
  `password` text NOT NULL,
  `thedate` datetime NOT NULL,
  `status` int(11) NOT NULL DEFAULT '5',
  PRIMARY KEY (`retailer_id`),
  UNIQUE KEY `username` (`username`),
  KEY `code` (`manager_id`),
  KEY `company` (`company`),
  KEY `dealer_id` (`dealer_id`)
) ENGINE=InnoDB  DEFAULT CHARSET=latin1 AUTO_INCREMENT=13 ;

--
-- Dumping data for table `retailers`
--

INSERT INTO `retailers` (`retailer_id`, `manager_id`, `dealer_id`, `company`, `surname`, `firstname`, `email`, `phone`, `address`, `city`, `state`, `country`, `username`, `password`, `thedate`, `status`) VALUES
(1, '', '', 'Ejikeemeuwa & sons limited', 'Okona', 'Bright', 'bright@brightokona.com', '08035137033', 'Block 342, shop 22, ASPANDA au', 'Lagos', 'Lagos', 'Ngor-Okpala', 'ABC1234XZ', 'ASP', '2016-01-25 00:00:00', 2),
(4, '', '', 'sdf sdf sdfs ', 'sfs', 'dfsdf', 'store1@yahoo.com', '08035137033', 'sdfsdf', 'sdfsd', 'Imo', 'Ihitte/Uboma', 'sdf', 'sdfsd', '2016-01-29 00:00:00', 2),
(5, '', '', 'sdfsdf', 'sdfsd', 'sdfsd', 'sdfsdasd@sdfsdf', '4235325252', 'fsdfsd', 'sdfs', 'dfsdf', 'sdfsdf', 'sdfs', '1456008699', '2016-02-20 00:00:00', 0),
(6, '', '', 'Ceejay Communications', 'Bright', 'Okona', 'bright@brightokona.com', '0894353465353', 'isolo', 'Isolo', 'Lagos', 'Nigeria', 'brightokona', '1456009370', '2016-02-21 00:00:00', 5),
(7, '', '', 'sdfsdfs', 'sdfs', 'dfsdfsd', 'sdfsdsdgsdfseddd@fgsdgs.com', '4364643643', 'sdfsdf', 'sdfs', 'dfsdfs', 'sdfsdf', 'bright11', 'ac6ad6be092475b1b77b13f9a4e3eed89d4c1388ff54e42234fd2b6812e4c208', '2016-02-21 00:00:00', 5),
(8, '7', '', 'sdfsdf', 'sdfsdf', 'sdfs', 'sdfsdsdgsdfs@sfgsfgdfg.com', '4353242522424', 'dfsdf', 'sdfs', 'dfsdf', 'sdfsdfs', 'ssddss', 'ac6ad6be092475b1b77b13f9a4e3eed89d4c1388ff54e42234fd2b6812e4c208', '2016-02-21 00:00:00', 5),
(9, '7', '', 'BBCC sub dealer', 'a sdasda d', 'asd asda', 'sfdfssdfsdf@sdfsdf.sd', '4647633636', 'as asda s', 'as asd a', 'as asda s', 'as asda s', 'ddffdsds', 'ac6ad6be092475b1b77b13f9a4e3eed89d4c1388ff54e42234fd2b6812e4c208', '2016-02-21 00:00:00', 2),
(10, '', '', 'sdsdasd', 'asdasd', 'asdasd', 'asdfadfasfa@dfgsfgsfgsd.com', '36536354344', 'asda', 'asda', 'sdasd', 'asdas', 'brightokona12', 'ac6ad6be092475b1b77b13f9a4e3eed89d4c1388ff54e42234fd2b6812e4c208', '2016-02-21 00:00:00', 5),
(11, '10', '', 'sdfsdfs f changed2', 'sdf sdf ', 's dfsd fs', 'sdfsdfsdfsdfs@sdfsdf.com', '454645355545', 's dfs d', 's dfs d', 's dfs', 's dfsdf', 'bbsub', 'ac6ad6be092475b1b77b13f9a4e3eed89d4c1388ff54e42234fd2b6812e4c208', '2016-02-21 00:00:00', 2),
(12, '10', '', 'Change a retailer', 'sd sdfs ', 'dfsdfsd', 'sdfsdfsdfsdfs@sdfsdf.com', '43647868675', 'f sdfsdf ', 's fsd', 'fs dfsdf', 'sd fsdf', 'ret11', 'ac6ad6be092475b1b77b13f9a4e3eed89d4c1388ff54e42234fd2b6812e4c208', '2016-02-21 00:00:00', 2);

-- --------------------------------------------------------

--
-- Table structure for table `retailers_status`
--

CREATE TABLE IF NOT EXISTS `retailers_status` (
  `id` int(11) NOT NULL AUTO_INCREMENT,
  `retailer_id` varchar(20) NOT NULL,
  `status` int(11) NOT NULL,
  `reason` text NOT NULL,
  `thedate` datetime NOT NULL,
  `modifiedby_type` int(11) NOT NULL,
  `modifiedby_id` varchar(20) NOT NULL,
  PRIMARY KEY (`id`),
  KEY `officer_id` (`retailer_id`)
) ENGINE=InnoDB  DEFAULT CHARSET=latin1 AUTO_INCREMENT=22 ;

--
-- Dumping data for table `retailers_status`
--

INSERT INTO `retailers_status` (`id`, `retailer_id`, `status`, `reason`, `thedate`, `modifiedby_type`, `modifiedby_id`) VALUES
(7, '1', 2, 'test and worked', '2016-01-26 02:48:49', 0, 'FAKELOGINFOUND'),
(8, '6', 2, 'sdf sdfsd fs', '2016-02-21 01:49:33', 0, ''),
(9, '6', 5, 'sdf sdgsd s', '2016-02-21 02:19:26', 0, ''),
(10, '9', 2, 'sdf sdfsd s', '2016-02-21 06:57:00', 0, '7'),
(11, '11', 2, 'test active', '2016-02-21 07:18:27', 0, '10'),
(12, '11', 5, 'sfs df', '2016-02-21 07:18:53', 0, '10'),
(13, '11', 2, 'test active', '2016-02-21 07:22:13', 0, '10'),
(14, '11', 5, 'dsds', '2016-02-21 07:24:50', 0, '10'),
(15, '11', 2, 'sdf s', '2016-02-21 07:27:50', 0, '10'),
(16, '12', 2, 'fdfdfd', '2016-02-21 07:50:49', 0, '11'),
(17, '13', 2, 'xfgsdg fsd', '2017-06-28 18:28:22', 0, '2'),
(18, '13', 5, 'df dsd ', '2017-06-28 18:32:19', 0, '2'),
(19, '13', 2, 'df g dfgd ', '2017-06-29 01:04:47', 0, '13'),
(20, '4', 2, 'sdf sdf', '2017-06-29 10:56:45', 0, ''),
(21, '13', 5, 'sdfsf', '2017-06-29 11:09:22', 0, '13');

-- --------------------------------------------------------

--
-- Table structure for table `sales`
--

CREATE TABLE IF NOT EXISTS `sales` (
  `sale_id` int(11) NOT NULL AUTO_INCREMENT,
  `manager_id` varchar(20) NOT NULL,
  `dealer_id` varchar(20) NOT NULL,
  `retailer_id` varchar(20) NOT NULL,
  `customer_surname` varchar(50) NOT NULL,
  `customer_othernames` varchar(50) NOT NULL,
  `customer_phone` varchar(50) NOT NULL,
  `customer_email` varchar(50) NOT NULL,
  `customer_address` text NOT NULL,
  `thedate` datetime NOT NULL,
  PRIMARY KEY (`sale_id`),
  KEY `officer_id` (`manager_id`,`thedate`),
  KEY `retailer_id` (`retailer_id`,`customer_surname`,`customer_phone`),
  KEY `customer_othernames` (`customer_othernames`)
) ENGINE=InnoDB DEFAULT CHARSET=latin1 AUTO_INCREMENT=1 ;

-- --------------------------------------------------------

--
-- Table structure for table `settings_offences`
--

CREATE TABLE IF NOT EXISTS `settings_offences` (
  `offence_id` int(11) NOT NULL AUTO_INCREMENT,
  `code` varchar(20) NOT NULL,
  `name` varchar(30) NOT NULL,
  `amount` decimal(20,2) NOT NULL,
  `status` int(11) NOT NULL,
  PRIMARY KEY (`offence_id`),
  UNIQUE KEY `code` (`code`)
) ENGINE=InnoDB  DEFAULT CHARSET=latin1 AUTO_INCREMENT=11 ;

--
-- Dumping data for table `settings_offences`
--

INSERT INTO `settings_offences` (`offence_id`, `code`, `name`, `amount`, `status`) VALUES
(5, 'expired', 'Expired License (Motorcycle)', '2000.00', 0),
(6, 'expired2', 'Expired License (Tricycle)', '2500.00', 0),
(7, 'expired3', 'Expired License (Private Cars)', '5000.00', 0),
(8, 'Expired4', 'Expired License (Pick-Up/Bus)', '7500.00', 0),
(9, 'Expired5', 'Expired License (Commercial Ca', '7500.00', 0),
(10, 'Expired6', 'Expired License (Truck/Tipper/', '15000.00', 0);

-- --------------------------------------------------------

--
-- Table structure for table `settings_pricing`
--

CREATE TABLE IF NOT EXISTS `settings_pricing` (
  `price_id` int(11) NOT NULL AUTO_INCREMENT,
  `code` varchar(20) NOT NULL,
  `name` varchar(30) NOT NULL,
  `amount` decimal(20,2) NOT NULL,
  `status` int(11) NOT NULL,
  PRIMARY KEY (`price_id`),
  UNIQUE KEY `code` (`code`)
) ENGINE=InnoDB  DEFAULT CHARSET=latin1 AUTO_INCREMENT=11 ;

--
-- Dumping data for table `settings_pricing`
--

INSERT INTO `settings_pricing` (`price_id`, `code`, `name`, `amount`, `status`) VALUES
(3, 'MC', 'Motorcycle', '1000.00', 0),
(4, 'suv', 'Sport Utility Vehicles', '3500.00', 0),
(5, '0.1 - 1.0', 'Tricycle', '1500.00', 0),
(6, '0.1 -1.0', 'Motorcycle', '1000.00', 0),
(7, '3.5-12.0', 'Truck/Tipper/Etc', '10000.00', 0),
(8, '3.0-3.4', 'Pick-Up Van', '5000.00', 0),
(9, '1.6-3.0', 'Private Cars', '3500.00', 0),
(10, '3.0-3.5', 'Private/Commercial Bus', '5000.00', 0);

-- --------------------------------------------------------

--
-- Table structure for table `users`
--

CREATE TABLE IF NOT EXISTS `users` (
  `user_id` int(11) NOT NULL AUTO_INCREMENT,
  `surname` varchar(30) NOT NULL,
  `firstname` varchar(30) NOT NULL,
  `othernames` varchar(30) NOT NULL,
  `email` varchar(30) NOT NULL,
  `phone` varchar(30) NOT NULL,
  `group_id` varchar(20) NOT NULL,
  `username` varchar(50) NOT NULL,
  `password` varchar(350) NOT NULL,
  `token` varchar(100) NOT NULL,
  `createdby` varchar(20) NOT NULL,
  `thedate` datetime NOT NULL,
  `modifiedby` varchar(20) NOT NULL,
  `modifiedon` datetime NOT NULL,
  `status` int(11) NOT NULL,
  `lastlogin` datetime NOT NULL,
  PRIMARY KEY (`user_id`),
  UNIQUE KEY `email` (`email`,`username`),
  KEY `surname` (`surname`,`firstname`,`phone`,`group_id`,`status`)
) ENGINE=InnoDB  DEFAULT CHARSET=latin1 AUTO_INCREMENT=11 ;

--
-- Dumping data for table `users`
--

INSERT INTO `users` (`user_id`, `surname`, `firstname`, `othernames`, `email`, `phone`, `group_id`, `username`, `password`, `token`, `createdby`, `thedate`, `modifiedby`, `modifiedon`, `status`, `lastlogin`) VALUES
(1, 'Bright', 'Michelle', 'Mma', 'asdasda @sdfaasda.ca', '09876456789', '6', 'asdasda ', '1fbed219518fb00a877bdd1bcdd31a21e53f48afbd18b99e2e88e335f68bcf28', '', '', '2014-04-29 01:36:30', '', '2014-04-29 02:27:02', 5, '2014-07-08 05:28:33'),
(2, 'Okona', 'Bright', 'Okwudoo', 'bright@brightokona.com', '08035137033', '6', 'brightokona', 'ac6ad6be092475b1b77b13f9a4e3eed89d4c1388ff54e42234fd2b6812e4c208', '', '', '2014-04-29 01:37:14', '2', '2014-05-19 12:59:34', 5, '2015-02-17 12:43:28'),
(3, 'Judith', 'Chichi3', 'Okona', 'judih@brifhjsd.com', '09876545789', '7', 'chichi', 'ac6ad6be092475b1b77b13f9a4e3eed89d4c1388ff54e42234fd2b6812e4c208', '', '', '2014-04-29 01:47:58', '2', '2014-05-19 12:59:04', 5, '0000-00-00 00:00:00'),
(4, 'wwwwwwwq', 'qqqqqqqq', 'ggggggggggg', '', '', '', 'xxxxx', 'L1Jvx9XhWeUA6', '', '2', '2014-05-08 08:46:11', '2', '2014-05-08 08:46:11', 0, '0000-00-00 00:00:00'),
(5, 'wewter', 'wr etwe erw', 'etwe we', '', '', '', 'aaaaa', '9US.Lfsm0Ak4Y', '', '2', '2014-05-08 08:46:53', '2', '2014-05-08 08:46:53', 0, '2014-05-08 08:51:40'),
(6, 'as as', 'asdfa ', ' fea', '', 'a ', '', 'wwww', 'nvdOD9237h6/Y', '', '5', '2014-05-08 08:53:04', '5', '2014-05-08 08:53:04', 0, '0000-00-00 00:00:00'),
(7, 'asd a', ' a da', '', '', '', '', 'tertewtwrw', '*0', '', '5', '2014-05-08 08:54:47', '5', '2014-05-08 08:54:47', 0, '0000-00-00 00:00:00'),
(8, 'a sasd a', 'asdasdasd', 'a sdasda', '', '', '', 'eterewrwrw', '$1$7W/.C04.$dkyV9Kj/phVD1dpqj7QwT1', '', '5', '2014-05-08 09:08:16', '5', '2014-05-08 09:08:16', 0, '0000-00-00 00:00:00'),
(9, 'as dasd', 'as dasdas', '', '', '', '', 'vadfafasfad', '''[bj1ekLbdi5Q', '', '5', '2014-05-08 09:08:56', '5', '2014-05-08 09:08:56', 0, '0000-00-00 00:00:00'),
(10, 's asda', ' dasdfa ', '', '', '', '', 'bsdfsdfsdfs', 'bfnVUviOETERE', '', '5', '2014-05-08 09:14:10', '5', '2014-05-08 09:14:10', 0, '0000-00-00 00:00:00');

/*!40101 SET CHARACTER_SET_CLIENT=@OLD_CHARACTER_SET_CLIENT */;
/*!40101 SET CHARACTER_SET_RESULTS=@OLD_CHARACTER_SET_RESULTS */;
/*!40101 SET COLLATION_CONNECTION=@OLD_COLLATION_CONNECTION */;
